calendar week,Not documented in an outbreak,Private household,Retirement/nursing home,Work place,Educational institution,Leisure,Overnight stay,Other,Unknown,Residences,Refugee accomodation,Health care centre,Medical practice,Medical rehabilitation,"Kindergarten, after-school child care",Dining venue,Public transport,Hospital,Care facility,Day-care centre for the elderly,Residential home,sum of cases,Not documented in an outbreak (%),Private household (%),Retirement/nursing home (%),Work place (%),Educational institution (%),Leisure (%),Overnight stay (%),Other (%),Unknown (%),Residences (%),Refugee accomodation (%),Health care centre (%),Medical practice (%),Medical rehabilitation (%),"Kindergarten, after-school child care (%)",Dining venue (%),Public transport (%),Hospital (%),Care facility (%),Day-care centre for the elderly (%),Residential home (%)
2020 - 09,48,2,1,1,3.0,77.0,5.0,3,1,,,,,,,,,,,,,141,34.04255319148936,1.4184397163120568,0.7092198581560284,0.7092198581560284,2.127659574468085,54.60992907801418,3.546099290780142,2.127659574468085,0.7092198581560284,,,,,,,,,,,,
2020 - 10,419,42,14,11,3.0,271.0,7.0,47,52,3.0,2.0,2.0,2.0,2.0,5.0,13.0,2.0,,,,,897,46.711259754738016,4.682274247491638,1.560758082497213,1.226309921962096,0.334448160535117,30.211817168338907,0.7803790412486065,5.2396878483835,5.797101449275362,0.334448160535117,0.2229654403567447,0.2229654403567447,0.2229654403567447,0.2229654403567447,0.5574136008918618,1.4492753623188406,0.2229654403567447,,,,
2020 - 11,4773,393,47,40,9.0,473.0,169.0,183,148,34.0,2.0,2.0,16.0,1.0,6.0,73.0,18.0,40.0,1.0,1.0,,6429,74.24171721885207,6.112925804946337,0.7310623736195365,0.6221807435059885,0.1399906672888474,7.357287291958315,2.6287136413128014,2.8464769015398974,2.3020687509721576,0.5288536319800902,0.0311090371752994,0.0311090371752994,0.2488722974023954,0.0155545185876497,0.0933271115258982,1.135479856898429,0.2799813345776948,0.6221807435059885,0.0155545185876497,0.0155545185876497,
2020 - 12,19234,1107,176,81,39.0,426.0,256.0,424,228,44.0,23.0,18.0,45.0,36.0,7.0,58.0,11.0,135.0,29.0,25.0,6.0,22408,85.83541592288468,4.94019992859693,0.7854337736522671,0.3614780435558729,0.1740449839343091,1.9011067475901464,1.1424491253123883,1.8921813637986435,1.017493752231346,0.1963584434130667,0.1026419136022849,0.0803284541235273,0.2008211353088182,0.1606569082470546,0.0312388432702606,0.258836129953588,0.0490896108532666,0.6024634059264549,0.129418064976794,0.1115672973937879,0.0267761513745091
2020 - 13,28489,2076,978,166,39.0,220.0,130.0,448,397,121.0,54.0,43.0,144.0,61.0,26.0,49.0,24.0,318.0,107.0,37.0,43.0,33970,83.86517515454813,6.111274654106564,2.879010891963497,0.4886664704150721,0.1148071828083603,0.6476302619958787,0.3826906093612011,1.318810715337062,1.1686782455107447,0.3561966440977333,0.1589637915808066,0.1265822784810126,0.4239034442154842,0.1795702090079482,0.0765381218722402,0.1442449219899911,0.070650574035914,0.936120105975861,0.3149838092434501,0.1089196349720341,0.1265822784810126
2020 - 14,27629,1990,2936,250,15.0,75.0,31.0,208,705,174.0,199.0,74.0,161.0,265.0,7.0,13.0,14.0,759.0,340.0,194.0,13.0,36052,76.6365250194164,5.519804726506158,8.143792300011095,0.693442804837457,0.0416065682902474,0.208032841451237,0.0859869077998446,0.5769444136247642,1.9555087096416288,0.4826361921668701,0.5519804726506158,0.2052590702318872,0.4465771663153223,0.7350493731277045,0.0194163985354487,0.0360590258515477,0.0388327970708975,2.1052923554865197,0.9430822145789416,0.5381116165538666,0.0360590258515477
2020 - 15,19033,1283,3242,163,4.0,35.0,10.0,164,525,153.0,573.0,121.0,103.0,275.0,1.0,3.0,5.0,878.0,372.0,192.0,21.0,27156,70.08764177345707,4.724554426277802,11.938429812932686,0.6002356753571955,0.0147297098247164,0.1288849609662689,0.0368242745617911,0.6039181028133745,1.9332744144940344,0.5634114007954044,2.110030932390632,0.4455737221976727,0.3792900279864487,1.0126675504492562,0.0036824274561791,0.0110472823685373,0.0184121372808955,3.233171306525261,1.36986301369863,0.7070260715863897,0.0773309765797613
2020 - 16,11750,749,2245,285,,12.0,4.0,68,338,112.0,532.0,70.0,56.0,183.0,,1.0,2.0,607.0,204.0,105.0,19.0,17342,67.75458424633837,4.3189943489793565,12.945450351747205,1.64340906469842,,0.0691961711451966,0.0230653903817322,0.3921116364894475,1.949025487256372,0.6458309306885018,3.067696920770384,0.4036443316803136,0.3229154653442509,1.0552416099642488,,0.005766347595433,0.0115326951908661,3.5001729904278625,1.1763349094683426,0.6054664975204705,0.1095606043132279
2020 - 17,8205,586,1455,237,,11.0,,60,313,61.0,541.0,39.0,47.0,159.0,1.0,,,388.0,157.0,91.0,8.0,12359,66.38886641314022,4.741483938830003,11.77279715187313,1.9176308762844887,,0.0890039647220649,,0.485476171211263,2.5325673598187555,0.4935674407314507,4.377376810421555,0.3155595112873209,0.3802896674488227,1.286511853709847,0.0080912695201877,,,3.1394125738328347,1.2703293146694716,0.7363055263370822,0.0647301561615017
2020 - 18,4890,371,705,242,,2.0,,44,202,20.0,414.0,19.0,39.0,53.0,12.0,,,296.0,67.0,62.0,,7438,65.74347942995429,4.987899973111051,9.478354396343104,3.2535627856950797,,0.026888948642108,,0.5915568701263781,2.715783812852917,0.2688894864210809,5.566012368916375,0.2554450121000269,0.5243344985211078,0.7125571390158645,0.1613336918526485,,,3.9795643990319975,0.9007797795106212,0.8335574079053508,
2020 - 19,4047,362,505,396,,,12.0,14,193,23.0,262.0,9.0,18.0,24.0,6.0,,2.0,279.0,22.0,65.0,,6239,64.866164449431,5.80221189293156,8.094245872736016,6.347171020996954,,,0.1923385157877865,0.2243949350857509,3.0934444622535664,0.3686488219265907,4.199390928033338,0.1442538868408398,0.2885077736816797,0.384677031575573,0.0961692578938932,,0.0320564192979644,4.471870492066037,0.3526206122776086,1.0418336271838435,
2020 - 20,2964,304,408,399,6.0,,7.0,18,88,28.0,307.0,8.0,26.0,9.0,8.0,,,148.0,13.0,16.0,4.0,4761,62.25582860743542,6.385213190506196,8.56962822936358,8.380592312539383,0.1260239445494644,,0.1470279353077084,0.3780718336483932,1.848351186725478,0.5881117412308339,6.448225162780928,0.1680319260659525,0.5461037597143458,0.1890359168241966,0.1680319260659525,,,3.1085906322201216,0.2730518798571729,0.336063852131905,0.0840159630329762
2020 - 21,1953,341,255,318,4.0,12.0,9.0,51,120,18.0,333.0,9.0,17.0,4.0,,15.0,,78.0,55.0,2.0,7.0,3601,54.23493474034991,9.469591780061094,7.08136628714246,8.830880311024716,0.1110802554845876,0.3332407664537628,0.2499305748403221,1.416273257428492,3.332407664537628,0.4998611496806442,9.24743126909192,0.2499305748403221,0.4720910858094974,0.1110802554845876,,0.4165509580672035,,2.166064981949458,1.5273535129130795,0.0555401277422938,0.1943904470980283
2020 - 22,1858,305,168,247,5.0,73.0,,71,124,15.0,205.0,7.0,20.0,3.0,1.0,26.0,,52.0,13.0,14.0,,3207,57.93576551294044,9.510445899594638,5.238540692235735,7.701902089179918,0.1559089491736826,2.2762706579357657,,2.2139070782662924,3.866541939507328,0.4677268475210477,6.3922669161209855,0.2182725288431556,0.6236357966947303,0.0935453695042095,0.0311817898347365,0.8107265357031493,,1.621453071406299,0.4053632678515746,0.4365450576863112,
2020 - 23,1380,327,79,152,7.0,129.0,3.0,42,68,8.0,78.0,3.0,5.0,5.0,14.0,1.0,,45.0,4.0,1.0,,2351,58.698426201616336,13.908974904296045,3.3602722245852825,6.465333900467886,0.2977456401531263,5.487026797107614,0.1276052743513398,1.7864738409187582,2.89238621863037,0.340280731603573,3.317737133134836,0.1276052743513398,0.2126754572522331,0.2126754572522331,0.5954912803062526,0.0425350914504466,,1.9140791152700976,0.1701403658017865,0.0425350914504466,
2020 - 24,1256,378,56,340,16.0,24.0,,53,53,2.0,71.0,10.0,2.0,1.0,11.0,1.0,,29.0,9.0,30.0,,2342,53.62937660119555,16.1400512382579,2.391118701964133,14.517506404782235,0.6831767719897524,1.0247651579846286,,2.2630230572160546,2.2630230572160546,0.085397096498719,3.0315969257045263,0.4269854824935952,0.085397096498719,0.0426985482493595,0.4696840307429547,0.0426985482493595,,1.2382578992314262,0.3842869342442357,1.2809564474807855,
2020 - 25,1552,676,55,1357,41.0,7.0,,51,78,116.0,129.0,,,1.0,14.0,9.0,,19.0,9.0,12.0,,4126,37.61512360639845,16.383906931652934,1.3330101793504603,32.88899660688318,0.9936984973339796,0.1696558410082404,,1.2360639844886088,1.8904507998061075,2.8114396509936985,3.1265147842947165,,,0.0242365487154629,0.3393116820164809,0.2181289384391662,,0.4604944255937954,0.2181289384391662,0.290838584585555,
2020 - 26,1777,413,16,685,8.0,44.0,,38,62,24.0,85.0,5.0,3.0,,13.0,7.0,2.0,20.0,4.0,5.0,,3211,55.341015260043605,12.862036748676426,0.4982871379632513,21.3329180940517,0.2491435689816256,1.3702896293989413,,1.183431952662722,1.930862659607599,0.747430706944877,2.6471504204297727,0.155714730613516,0.0934288383681096,,0.4048582995951417,0.2180006228589224,0.0622858922454064,0.6228589224540642,0.1245717844908128,0.155714730613516,
2020 - 27,1601,372,38,280,14.0,34.0,7.0,39,108,13.0,108.0,2.0,3.0,,12.0,7.0,2.0,34.0,8.0,2.0,6.0,2690,59.51672862453532,13.82899628252788,1.412639405204461,10.408921933085502,0.5204460966542751,1.2639405204460967,0.2602230483271375,1.449814126394052,4.014869888475837,0.483271375464684,4.014869888475837,0.0743494423791821,0.1115241635687732,,0.4460966542750929,0.2602230483271375,0.0743494423791821,1.2639405204460967,0.2973977695167286,0.0743494423791821,0.2230483271375464
2020 - 28,1474,331,34,199,10.0,12.0,6.0,67,106,15.0,112.0,3.0,15.0,7.0,7.0,5.0,6.0,15.0,,,2.0,2426,60.758450123660346,13.643858202802967,1.4014839241549877,8.20280296784831,0.4122011541632316,0.4946413849958779,0.2473206924979389,2.761747732893652,4.369332234130256,0.6183017312448474,4.616652926628195,0.1236603462489694,0.6183017312448474,0.2885408079142622,0.2885408079142622,0.2061005770816158,0.2473206924979389,0.6183017312448474,,,0.0824402308326463
2020 - 29,1831,495,36,153,10.0,32.0,6.0,106,112,27.0,94.0,12.0,17.0,26.0,22.0,14.0,1.0,20.0,,1.0,1.0,3016,60.70954907161804,16.412466843501324,1.1936339522546418,5.072944297082229,0.3315649867374005,1.0610079575596816,0.1989389920424403,3.5145888594164454,3.7135278514588856,0.8952254641909815,3.116710875331565,0.3978779840848806,0.5636604774535808,0.8620689655172413,0.7294429708222812,0.4641909814323607,0.03315649867374,0.6631299734748011,,0.03315649867374,0.03315649867374
2020 - 30,2283,663,43,337,12.0,44.0,5.0,120,200,38.0,69.0,9.0,15.0,3.0,16.0,37.0,8.0,20.0,,1.0,6.0,3929,58.10638839399338,16.874522779333166,1.0944260626113511,8.577246118605244,0.3054212267752609,1.11987783150929,0.127258844489692,3.0542122677526087,5.090353779587682,0.9671672181216596,1.75617205395775,0.2290659200814456,0.3817765334690761,0.0763553066938152,0.4072283023670145,0.941715449223721,0.2036141511835072,0.5090353779587682,,0.0254517688979384,0.1527106133876304
2020 - 31,2949,825,33,254,5.0,132.0,20.0,156,226,45.0,43.0,1.0,5.0,,20.0,27.0,10.0,47.0,,25.0,,4823,61.144515861497,17.1055359734605,0.68422143893842,5.266431681526021,0.1036699149906697,2.73688575575368,0.4146796599626788,3.234501347708895,4.685880157578271,0.9330292349160274,0.8915612689197595,0.0207339829981339,0.1036699149906697,,0.4146796599626788,0.5598175409496164,0.2073398299813394,0.9744972009122952,,0.5183495749533485,
2020 - 32,4075,916,29,257,2.0,142.0,56.0,125,273,37.0,44.0,2.0,4.0,4.0,3.0,34.0,23.0,24.0,2.0,2.0,,6054,67.31086884704328,15.130492236537826,0.4790221341261975,4.245127188635613,0.0330360092500825,2.345556656755864,0.9250082590023124,2.0647505781301616,4.509415262636274,0.6111661711265279,0.7267922035018171,0.0330360092500825,0.0660720185001651,0.0660720185001651,0.0495540138751238,0.561612157251404,0.3799141063759498,0.396432111000991,0.0330360092500825,0.0330360092500825,
2020 - 33,5650,1291,35,188,7.0,167.0,80.0,197,197,40.0,41.0,,2.0,,1.0,17.0,14.0,15.0,4.0,,3.0,7949,71.07812303434395,16.241036608378412,0.4403069568499183,2.365077368222418,0.0880613913699836,2.100893194112467,1.0064159013712417,2.4782991571266826,2.4782991571266826,0.5032079506856209,0.5157881494527614,,0.025160397534281,,0.0125801987671405,0.2138633790413888,0.1761227827399673,0.1887029815071078,0.050320795068562,,0.0377405963014215
2020 - 34,7085,1245,20,151,17.0,246.0,151.0,231,292,43.0,33.0,,4.0,,5.0,17.0,18.0,32.0,,,1.0,9591,73.87133771243874,12.980919612136375,0.2085288291106245,1.5743926597852151,0.1772495047440308,2.564904598060682,1.5743926597852151,2.408507976227713,3.0445209050151183,0.4483369825878427,0.3440725680325305,,0.0417057658221249,,0.0521322072776561,0.1772495047440308,0.1876759461995621,0.3336461265769992,,,0.0104264414555312
2020 - 35,6555,1060,31,103,31.0,255.0,97.0,185,330,38.0,77.0,,10.0,3.0,8.0,9.0,16.0,10.0,1.0,,1.0,8820,74.31972789115646,12.01814058956916,0.3514739229024943,1.1678004535147393,0.3514739229024943,2.891156462585034,1.0997732426303857,2.0975056689342404,3.741496598639456,0.4308390022675736,0.873015873015873,,0.1133786848072562,0.0340136054421768,0.0907029478458049,0.1020408163265306,0.1814058956916099,0.1133786848072562,0.0113378684807256,,0.0113378684807256
2020 - 36,6524,1174,21,102,39.0,182.0,76.0,131,226,35.0,23.0,2.0,4.0,1.0,25.0,4.0,23.0,15.0,5.0,,3.0,8615,75.72838073128266,13.62739408009286,0.2437608821822402,1.18398142774231,0.4526987811955891,2.1125943122460824,0.8821822402785839,1.5206035983749275,2.623331398723157,0.4062681369704005,0.2669762042948346,0.0232153221125943,0.0464306442251886,0.0116076610562971,0.2901915264074289,0.0464306442251886,0.2669762042948346,0.1741149158444573,0.0580383052814857,,0.0348229831688914
2020 - 37,6987,1281,85,173,126.0,239.0,54.0,187,382,77.0,34.0,1.0,7.0,4.0,27.0,37.0,7.0,23.0,30.0,2.0,5.0,9768,71.52948402948402,13.114250614250611,0.8701883701883703,1.7710892710892712,1.2899262899262898,2.446764946764947,0.5528255528255528,1.9144144144144144,3.9107289107289103,0.7882882882882882,0.348075348075348,0.0102375102375102,0.0716625716625716,0.0409500409500409,0.2764127764127764,0.3787878787878788,0.0716625716625716,0.2354627354627354,0.3071253071253071,0.0204750204750204,0.0511875511875511
2020 - 38,8683,1444,127,274,186.0,319.0,27.0,352,525,134.0,31.0,2.0,5.0,3.0,28.0,52.0,22.0,40.0,32.0,,8.0,12294,70.6279485928095,11.745566943224336,1.0330242394664064,2.228729461525948,1.5129331381161544,2.5947616723605007,0.219619326500732,2.863185293639173,4.27037579306979,1.0899625833740034,0.252155523019359,0.0162680982593134,0.0406702456482837,0.0244021473889702,0.2277533756303888,0.4229705547421507,0.1789490808524483,0.3253619651862697,0.2602895721490158,,0.0650723930372539
2020 - 39,9393,1564,172,372,155.0,299.0,37.0,383,385,51.0,78.0,5.0,9.0,4.0,18.0,65.0,16.0,32.0,14.0,7.0,5.0,13064,71.89987752602572,11.971830985915492,1.3165952235150031,2.847519902020821,1.1864666258420085,2.288732394366197,0.2832210655235762,2.9317207593386403,2.9470300061236987,0.3903857930189834,0.5970606246172688,0.0382731169626454,0.0688916105327617,0.0306184935701163,0.1377832210655235,0.4975505205143907,0.1224739742804654,0.2449479485609308,0.1071647274954072,0.0535823637477036,0.0382731169626454
2020 - 40,11355,1898,265,394,229.0,267.0,49.0,359,587,69.0,176.0,7.0,27.0,4.0,40.0,67.0,39.0,58.0,13.0,14.0,11.0,15928,71.28955298844801,11.916122551481669,1.6637368156705172,2.473631341034656,1.4377197388247114,1.6762933199397287,0.3076343545956805,2.253892516323456,3.6853340030135606,0.4331993972877951,1.1049723756906076,0.04394776494224,0.1695128076343546,0.0251130085384229,0.251130085384229,0.4206428930185836,0.2448518332496233,0.3641386238071321,0.0816172777498744,0.0878955298844801,0.0690607734806629
2020 - 41,19436,2831,338,621,311.0,290.0,39.0,564,860,188.0,156.0,18.0,40.0,2.0,74.0,70.0,32.0,113.0,37.0,73.0,33.0,26126,74.39332465742939,10.83594886320141,1.2937303835259897,2.3769425093776317,1.1903850570313097,1.110005358646559,0.1492765827145372,2.1587690423333075,3.291740029089796,0.7195896807777693,0.597106330858149,0.0688968843297864,0.1531041873995253,0.0076552093699762,0.2832427466891219,0.2679323279491694,0.1224833499196203,0.4325193294036591,0.1416213733445609,0.2794151420041338,0.1263109546046084
2020 - 42,32833,3840,806,740,296.0,591.0,50.0,552,1100,291.0,212.0,12.0,30.0,22.0,173.0,111.0,43.0,115.0,38.0,74.0,157.0,42086,78.0140664353942,9.124174309746708,1.915126170222877,1.7583044242741055,0.7033217697096422,1.4042674523594545,0.1188043529914936,1.3116000570260895,2.6136957658128592,0.6914413344104928,0.5037304566839329,0.0285130447179584,0.0712826117948961,0.0522739153162571,0.4110630613505679,0.2637456636411158,0.1021717435726845,0.2732500118804353,0.0902913082735351,0.1758304424274105,0.3730456683932899
2020 - 43,61637,5465,1687,1126,387.0,609.0,95.0,560,1615,258.0,281.0,34.0,56.0,35.0,259.0,137.0,63.0,263.0,109.0,80.0,55.0,74811,82.39029019796554,7.305075456817847,2.2550159735867723,1.505126251487081,0.5173036050848137,0.8140514095520712,0.1269866730828354,0.7485530202777666,2.158773442408202,0.3448690700565425,0.3756132119608079,0.0454478619454358,0.0748553020277766,0.0467845637673604,0.3462057718784671,0.1831281496036679,0.0842122147812487,0.3515525791661654,0.1457004985897795,0.1069361457539666,0.073518600205852
2020 - 44,94623,7158,2469,1140,423.0,468.0,39.0,508,1981,413.0,364.0,77.0,82.0,69.0,257.0,92.0,17.0,436.0,188.0,228.0,46.0,111078,85.18608545346513,6.444120347863663,2.2227623831901906,1.0263058391400637,0.3808134824177605,0.4213255550153946,0.0351104629179495,0.4573362862132915,1.7834314625758476,0.3718107996182862,0.3276976539008625,0.0693206575559516,0.0738219989556887,0.0621185113163722,0.231368947946488,0.082824681755163,0.0153045607591062,0.392516970057077,0.1692504366301157,0.2052611678280127,0.0414123408775815
2020 - 45,108208,8159,3002,1022,398.0,278.0,34.0,438,2120,452.0,341.0,52.0,98.0,94.0,293.0,57.0,14.0,414.0,157.0,126.0,37.0,125794,86.02000095394057,6.48600092214255,2.3864413247054705,0.8124393850263127,0.3163902888850024,0.2209962319347505,0.0270283161359047,0.3481883078684198,1.6852950061211187,0.3593176145126158,0.2710781118336327,0.0413374246784425,0.0779051465093724,0.0747253446110307,0.2329204890535319,0.0453121770513697,0.011129306644196,0.3291094964783694,0.124807224509913,0.1001637597977646,0.029413167559661
2020 - 46,108181,7935,4562,994,535.0,245.0,39.0,280,2265,415.0,513.0,23.0,138.0,80.0,330.0,34.0,11.0,584.0,222.0,317.0,136.0,127839,84.62284592338801,6.207026024921972,3.568551068140395,0.7775405001603579,0.4184951384162892,0.191647306377553,0.0305071222396921,0.2190254930029177,1.771759791612888,0.3246270699864673,0.4012859925374886,0.0179913797823825,0.1079482786942951,0.0625787122865479,0.2581371881820102,0.0265959527217828,0.0086045729394003,0.4568245996917998,0.1736559265951704,0.2479681474354461,0.1063838108871314
2020 - 47,106163,7802,6145,1073,744.0,96.0,17.0,357,2536,542.0,505.0,31.0,159.0,92.0,503.0,6.0,10.0,818.0,328.0,328.0,190.0,128445,82.65249717778038,6.074195180816692,4.78414885748764,0.8353770096150104,0.5792362489781618,0.0747401611584725,0.0132352368718128,0.2779399743080696,1.974385923936315,0.4219704932072093,0.3931643894273813,0.0241348437074234,0.12378839191872,0.0716259877768694,0.3916073027365799,0.0046712600724045,0.0077854334540075,0.6368484565378177,0.2553622172914477,0.2553622172914477,0.1479232356261434
2020 - 48,100638,7150,6814,998,673.0,93.0,16.0,479,2600,416.0,610.0,34.0,151.0,99.0,387.0,4.0,10.0,1059.0,445.0,429.0,183.0,123288,81.6283823243138,5.7994289793005,5.526896372720784,0.8094867302576083,0.5458763221075855,0.0754331321783142,0.0129777431704626,0.3885211861657258,2.108883265200181,0.337421322432029,0.4947764583738887,0.0275777042372331,0.1224774511712413,0.0802997858672376,0.3138991629355655,0.0032444357926156,0.0081110894815391,0.8589643760949971,0.3609434819284926,0.3479657387580299,0.1484329375121666
2020 - 49,104534,6654,7769,1238,939.0,92.0,7.0,571,2634,328.0,431.0,64.0,163.0,125.0,428.0,1.0,5.0,1381.0,408.0,592.0,125.0,128489,81.35638070184996,5.17865342558507,6.046431990287107,0.963506603678136,0.7308018585248542,0.0716014600471635,0.0054479371775015,0.4443960183361999,2.0499809322198788,0.2552747706029309,0.3354372747861684,0.0498097113371572,0.1268591085618224,0.0972845924553852,0.3331024445672392,0.000778276739643,0.0038913836982154,1.0748001774470968,0.3175369097743775,0.4607398298687047,0.0972845924553852
2020 - 50,126200,7653,10239,1542,764.0,50.0,4.0,604,3274,551.0,512.0,110.0,172.0,220.0,558.0,1.0,1.0,2124.0,802.0,892.0,216.0,156489,80.64464594955555,4.890439583612906,6.542951900772579,0.9853727738051876,0.488213229044853,0.0319511275552914,0.0025560902044233,0.3859696208679204,2.092159832320483,0.3521014256593115,0.3271795461661842,0.0702924806216411,0.1099118787902025,0.1405849612432823,0.3565745835170523,0.0006390225511058,0.0006390225511058,1.3572838985487798,0.5124960859868745,0.570008115586399,0.1380288710388589
2020 - 51,143250,7594,11948,1441,558.0,59.0,10.0,608,3252,594.0,571.0,117.0,149.0,253.0,671.0,2.0,,2149.0,609.0,795.0,249.0,174879,81.91378038529497,4.342431052327609,6.832152516883102,0.8239983074011173,0.3190777623385312,0.0337376128637515,0.0057182394684324,0.3476689596806935,1.859571475134236,0.339663424424888,0.3265114736474934,0.0669034017806597,0.0852017680796436,0.1446714585513412,0.383693868331818,0.0011436478936864,,1.2288496617661353,0.3482407836275367,0.4546000377403805,0.1423841627639682
2020 - 52,115282,5325,10309,734,206.0,24.0,8.0,402,2471,434.0,354.0,108.0,123.0,307.0,217.0,1.0,,1642.0,419.0,531.0,257.0,139154,82.84490564410653,3.826695603432169,7.408338962588211,0.5274731592336548,0.1480374261609439,0.0172470787760323,0.0057490262586774,0.2888885694985412,1.7757304856489933,0.3118846745332509,0.2543944119464765,0.0776118544921453,0.0883912787271656,0.2206188826767466,0.1559423372666254,0.0007186282823346,,1.1799876395935438,0.3011052502982307,0.3815916179197148,0.1846874685600126
2020 - 53,99263,6542,10858,551,53.0,52.0,,394,1869,412.0,338.0,63.0,137.0,126.0,89.0,4.0,2.0,1377.0,341.0,487.0,193.0,123151,80.60267476512574,5.312177733026934,8.816818377439079,0.4474182101647571,0.0430365973479711,0.0422245860772547,,0.3199324406622764,1.5176490649690215,0.3345486435351723,0.2744598095021558,0.0511567100551355,0.1112455440881519,0.1023134201102711,0.0722690030937629,0.0032480450828657,0.0016240225414328,1.1181395197765345,0.2768958433143052,0.395449488838905,0.1567181752482724
2021 - 01,117695,8797,11863,674,43.0,125.0,,295,2026,448.0,197.0,71.0,186.0,208.0,29.0,3.0,,1751.0,492.0,396.0,234.0,145533,80.871692330949,6.044677152260999,8.151415830086647,0.4631252018442552,0.0295465633224079,0.0858911724488604,,0.2027031669793105,1.3921241230511294,0.3078339620567156,0.135364487779404,0.0487861859509527,0.1278060646039042,0.1429229109549037,0.0199267520081356,0.0020613881387726,,1.2031635436636363,0.3380676547587145,0.2721032343179897,0.1607882748242666
2021 - 02,93755,6872,11060,842,39.0,100.0,,333,1865,411.0,312.0,107.0,237.0,102.0,183.0,5.0,3.0,1929.0,427.0,302.0,165.0,119049,78.75328646187704,5.772413040008736,9.290292232610105,0.7072717956471705,0.0327596199884081,0.0839990256113029,,0.2797167552856386,1.5665818276507992,0.3452359952624549,0.262076959907265,0.0898789574040941,0.1990776906987879,0.0856790061235289,0.1537182168686843,0.0041999512805651,0.002519970768339,1.620341204042033,0.3586758393602634,0.2536770573461347,0.1385983922586498
2021 - 03,73256,5727,9146,1140,49.0,58.0,12.0,367,1593,509.0,325.0,92.0,239.0,112.0,365.0,13.0,1.0,1874.0,289.0,304.0,131.0,95602,76.62601200811699,5.990460450618188,9.566745465576034,1.192443672726512,0.0512541578628062,0.0606681868580155,0.012552038660279,0.3838831823602017,1.666283132152047,0.5324156398401707,0.3399510470492249,0.0962322963954729,0.2499947699838915,0.1171523608292713,0.3817911759168218,0.0135980418819689,0.0010460032216899,1.9602100374469156,0.3022949310683877,0.3179849793937365,0.1370264220413798
2021 - 04,59583,5329,6514,1416,85.0,56.0,11.0,227,1263,367.0,333.0,64.0,183.0,97.0,342.0,17.0,7.0,1636.0,326.0,223.0,171.0,78250,76.1444089456869,6.810223642172524,8.324600638977635,1.809584664536741,0.108626198083067,0.0715654952076677,0.0140575079872204,0.2900958466453674,1.6140575079872204,0.4690095846645367,0.4255591054313098,0.0817891373801917,0.2338658146964856,0.123961661341853,0.4370607028753993,0.0217252396166134,0.0089456869009584,2.0907348242811503,0.4166134185303514,0.2849840255591054,0.2185303514376996
2021 - 05,49623,4893,4036,1668,69.0,80.0,1.0,249,1001,227.0,273.0,57.0,162.0,92.0,323.0,8.0,2.0,1360.0,247.0,200.0,98.0,64669,76.7338291917302,7.566221837356384,6.2410119222502285,2.5792883761926118,0.1066971810295504,0.1237068765560005,0.00154633595695,0.3850376532805517,1.547882292906957,0.3510182622276515,0.4221497162473519,0.0881411495461504,0.2505064250259011,0.1422629080394006,0.4994665140948522,0.0123706876556,0.0030926719139,2.1030169014520093,0.3819449813666517,0.3092671913900013,0.1515409237811006
2021 - 06,38435,4644,2474,1667,78.0,45.0,15.0,239,722,190.0,110.0,41.0,186.0,72.0,420.0,7.0,1.0,1075.0,163.0,184.0,93.0,50861,75.56870686773756,9.130768172076836,4.864237824659366,3.2775604097442046,0.1533591553449598,0.0884764357759383,0.0294921452586461,0.4699081811210947,1.4195552584494997,0.3735671732761841,0.2162757318967381,0.080611863706966,0.3657026012072118,0.1415622972415013,0.8257800672420912,0.0137630011207015,0.001966143017243,2.113603743536305,0.3204813118106211,0.3617703151727257,0.1828513006036059
2021 - 07,39456,5155,1808,1969,55.0,101.0,7.0,297,841,282.0,152.0,44.0,238.0,117.0,534.0,5.0,10.0,1105.0,150.0,133.0,32.0,52491,75.16717151511688,9.820731172962985,3.444399992379646,3.751119239488674,0.1047798670248233,0.1924139376274027,0.0133356194395229,0.5658112819340458,1.6021794212341165,0.5372349545636395,0.2895734506867844,0.0838238936198586,0.4534110609437808,0.2228953534891695,1.0173172543864664,0.0095254424568021,0.0190508849136042,2.105122782953268,0.2857632737040635,0.2533767693509363,0.0609628317235335
2021 - 08,42399,6091,1320,2130,150.0,97.0,3.0,332,936,278.0,206.0,46.0,245.0,87.0,873.0,16.0,11.0,800.0,150.0,189.0,91.0,56450,75.10894596988486,10.79007971656333,2.338352524357839,3.773250664304694,0.2657218777679362,0.1718334809565987,0.0053144375553587,0.5881310894596988,1.658104517271922,0.4924712134632418,0.3649247121346324,0.0814880425155004,0.4340124003542958,0.154118689105403,1.5465013286093887,0.0283436669619132,0.0194862710363153,1.41718334809566,0.2657218777679362,0.3348095659875996,0.1612046058458813
2021 - 09,45101,6280,774,1978,343.0,102.0,10.0,362,833,217.0,226.0,20.0,183.0,56.0,1096.0,9.0,,480.0,129.0,212.0,89.0,58500,77.0957264957265,10.735042735042736,1.323076923076923,3.381196581196581,0.5863247863247864,0.1743589743589743,0.017094017094017,0.6188034188034188,1.423931623931624,0.3709401709401709,0.3863247863247863,0.0341880341880341,0.3128205128205128,0.0957264957264957,1.8735042735042733,0.0153846153846153,,0.8205128205128205,0.2205128205128205,0.3623931623931624,0.1521367521367521
2021 - 10,55802,7656,740,2067,511.0,148.0,5.0,312,947,289.0,233.0,58.0,105.0,64.0,1779.0,,,406.0,167.0,85.0,82.0,71456,78.09281236005374,10.714285714285714,1.035602328705777,2.89268920734438,0.7151253918495298,0.2071204657411554,0.0069973130317957,0.4366323331840573,1.3252910882221227,0.4044446932377966,0.3260747872816838,0.0811688311688311,0.1469435736677116,0.0895656068069861,2.489643976712942,,,0.5681818181818182,0.2337102552619794,0.1189543215405284,0.1147559337214509
2021 - 11,74634,8881,820,2419,455.0,153.0,3.0,468,1267,298.0,256.0,43.0,172.0,48.0,1885.0,20.0,2.0,434.0,184.0,158.0,175.0,92775,80.44624090541633,9.572621934788469,0.8838587981676098,2.6073834545944488,0.4904338453247103,0.1649151172190784,0.0032336297493936,0.5044462409054163,1.3656696308272702,0.321207221773107,0.2759364052815952,0.0463486930746429,0.1853947722985718,0.0517380759902991,2.0317973592023715,0.0215575316626246,0.0021557531662624,0.4677984370789544,0.1983292912961465,0.1703045001347345,0.1886284020479655
2021 - 12,96626,10295,714,2468,647.0,184.0,20.0,424,1427,336.0,371.0,54.0,103.0,50.0,2007.0,9.0,8.0,357.0,252.0,75.0,169.0,116596,82.87248276098666,8.829633949706679,0.6123709218154997,2.116710693334248,0.5549075439980788,0.1578098734090363,0.0171532471096778,0.3636488387251707,1.2238841812755157,0.2881745514425881,0.3181927338845243,0.0463137671961302,0.0883392226148409,0.0428831177741946,1.7213283474561734,0.007718961199355,0.0068612988438711,0.3061854609077498,0.216130913581941,0.0643246766612919,0.1449449380767779
2021 - 13,94162,8937,657,2032,371.0,150.0,4.0,334,1230,247.0,392.0,34.0,92.0,32.0,1173.0,10.0,8.0,235.0,145.0,72.0,89.0,110406,85.28703150191113,8.094668768001739,0.5950763545459486,1.8404796840751407,0.3360324620038766,0.1358621814031846,0.0036229915040849,0.3025197905910911,1.1140698875061137,0.223719725377244,0.3550531674003224,0.0307954277847218,0.0833288045939532,0.0289839320326793,1.0624422585729036,0.0090574787602123,0.0072459830081698,0.2128507508649892,0.1313334420230784,0.0652138470735286,0.0806115609658895
2021 - 14,103225,9561,464,1706,159.0,137.0,8.0,319,1243,259.0,270.0,19.0,78.0,32.0,602.0,12.0,4.0,192.0,111.0,43.0,75.0,118519,87.09573992355656,8.067060977564779,0.3914984095377112,1.4394316523089126,0.1341557049924484,0.1155932804022983,0.0067499725782364,0.2691551565571765,1.0487769893434808,0.2185303622204034,0.2278115745154785,0.0160311848733114,0.0658122326378049,0.0269998903129456,0.5079354365122891,0.0101249588673546,0.0033749862891182,0.1619993418776736,0.09365586952303,0.0362811026080206,0.0632809929209662
2021 - 15,123823,11435,530,2035,281.0,140.0,4.0,394,1518,306.0,695.0,15.0,90.0,68.0,755.0,2.0,7.0,210.0,67.0,64.0,109.0,142548,86.864073855824,8.021859303532846,0.3718045851222044,1.4275893032522378,0.1971265819232819,0.0982125319190728,0.0028060723405449,0.2763981255436765,1.0649044532368044,0.2146645340516878,0.4875550691696832,0.0105227712770435,0.0631366276622611,0.0477032297892639,0.5296461542778572,0.0014030361702724,0.0049106265959536,0.1473187978786093,0.0470017117041277,0.044897157448719,0.0764654712798496
2021 - 16,127110,10136,516,2614,447.0,109.0,4.0,479,1462,308.0,550.0,6.0,109.0,36.0,954.0,11.0,18.0,190.0,85.0,91.0,101.0,145336,87.4594044145979,6.974183959927341,0.3550393570760169,1.7985908515440086,0.3075631639786426,0.0749986238784609,0.0027522430781086,0.3295811086035118,1.0059448450487145,0.2119227170143666,0.3784334232399405,0.0041283646171629,0.0749986238784609,0.0247701877029779,0.6564099741289151,0.0075686684647988,0.0123850938514889,0.1307315462101612,0.058485165409809,0.0626135300269719,0.0694941377222436
2021 - 17,112080,6872,352,1714,242.0,71.0,4.0,259,960,196.0,422.0,1.0,54.0,47.0,610.0,7.0,13.0,88.0,64.0,33.0,62.0,124151,90.2771624876159,5.535195044743901,0.2835257065992219,1.3805768781564385,0.194923923286965,0.0571884237742748,0.0032218830295366,0.2086169261624956,0.7732519270887871,0.157872268447294,0.3399086596161126,0.0008054707573841,0.0434954208987442,0.0378571255970552,0.4913371620043334,0.005638295301689,0.0104711198459939,0.0708814266498054,0.0515501284725858,0.026580534993677,0.0499391869578174
