date,cases (Nowcast RKI),min cases (Nowcast RKI),max cases (Nowcast RKI),7 day R value (Nowcast RKI),min 7 day R value (Nowcast RKI),max 7 day R value (Nowcast RKI),cases (mean of ±3 days of Nowcast RKI),Infections (based on 7 day nowcast of RKI - 5 days regarding incubation period),min Infections (based on 7 day nowcast of RKI - 5 days regarding incubation period),max Infections (based on 7 day nowcast of RKI - 5 days regarding incubation period),"7 day R value (Nowcast RKI, -5 days incubation period)","min 7 day R value (Nowcast RKI, -5 days incubation period)","max 7 day R value (Nowcast RKI, -5 days incubation period)",Infections (mean of ±3 days based on 7 day nowcast of RKI - 5 days regarding incubation period)
2020-02-26,,,,,,,,225.0,213.0,238.0,,,,
2020-02-27,,,,,,,,261.0,248.0,276.0,,,,
2020-02-28,,,,,,,,326.0,311.0,342.0,,,,
2020-02-29,,,,,,,,394.0,378.0,412.0,,,,468.7142857142857
2020-03-01,,,,,,,,507.0,488.0,528.0,2.34,2.28,2.39,618.5714285714286
2020-03-02,225.0,213.0,238.0,,,,,673.0,651.0,696.0,2.56,2.51,2.61,828.1428571428571
2020-03-03,261.0,248.0,276.0,,,,,895.0,870.0,922.0,2.93,2.88,2.98,1109.0
2020-03-04,326.0,311.0,342.0,,,,,1274.0,1245.0,1304.0,3.13,3.08,3.18,1461.0
2020-03-05,394.0,378.0,412.0,,,,468.7142857142857,1728.0,1695.0,1764.0,3.22,3.18,3.26,1880.2857142857142
2020-03-06,507.0,488.0,528.0,2.34,2.28,2.39,618.5714285714286,2292.0,2253.0,2332.0,3.12,3.08,3.16,2342.285714285714
2020-03-07,673.0,651.0,696.0,2.56,2.51,2.61,828.1428571428571,2858.0,2810.0,2901.0,2.84,2.82,2.87,2824.0
2020-03-08,895.0,870.0,922.0,2.93,2.88,2.98,1109.0,3442.0,3389.0,3490.0,2.50,2.48,2.52,3337.8571428571427
2020-03-09,1274.0,1245.0,1304.0,3.13,3.08,3.18,1461.0,3907.0,3850.0,3958.0,2.18,2.17,2.20,3818.1428571428573
2020-03-10,1728.0,1695.0,1764.0,3.22,3.18,3.26,1880.2857142857142,4267.0,4207.0,4320.0,1.99,1.98,2.00,4248.428571428572
2020-03-11,2292.0,2253.0,2332.0,3.12,3.08,3.16,2342.285714285714,4871.0,4811.0,4927.0,1.74,1.73,1.75,4599.571428571428
2020-03-12,2858.0,2810.0,2901.0,2.84,2.82,2.87,2824.0,5090.0,5027.0,5149.0,1.56,1.55,1.57,4842.714285714285
2020-03-13,3442.0,3389.0,3490.0,2.50,2.48,2.52,3337.8571428571427,5304.0,5242.0,5363.0,1.39,1.39,1.40,4991.142857142857
2020-03-14,3907.0,3850.0,3958.0,2.18,2.17,2.20,3818.1428571428573,5316.0,5254.0,5374.0,1.24,1.23,1.24,5035.571428571428
2020-03-15,4267.0,4207.0,4320.0,1.99,1.98,2.00,4248.428571428572,5144.0,5082.0,5200.0,1.13,1.13,1.14,5009.142857142857
2020-03-16,4871.0,4811.0,4927.0,1.74,1.73,1.75,4599.571428571428,4946.0,4886.0,5001.0,1.04,1.03,1.04,4906.714285714285
2020-03-17,5090.0,5027.0,5149.0,1.56,1.55,1.57,4842.714285714285,4578.0,4518.0,4631.0,0.98,0.97,0.98,4772.857142857143
2020-03-18,5304.0,5242.0,5363.0,1.39,1.39,1.40,4991.142857142857,4686.0,4625.0,4742.0,0.92,0.92,0.92,4643.714285714285
2020-03-19,5316.0,5254.0,5374.0,1.24,1.23,1.24,5035.571428571428,4373.0,4315.0,4432.0,0.90,0.89,0.90,4502.142857142857
2020-03-20,5144.0,5082.0,5200.0,1.13,1.13,1.14,5009.142857142857,4367.0,4309.0,4424.0,0.90,0.89,0.90,4382.142857142857
2020-03-21,4946.0,4886.0,5001.0,1.04,1.03,1.04,4906.714285714285,4412.0,4352.0,4473.0,0.88,0.88,0.89,4273.428571428572
2020-03-22,4578.0,4518.0,4631.0,0.98,0.97,0.98,4772.857142857143,4153.0,4092.0,4214.0,0.90,0.89,0.90,4163.428571428572
2020-03-23,4686.0,4625.0,4742.0,0.92,0.92,0.92,4643.714285714285,4106.0,4046.0,4168.0,0.90,0.90,0.91,4078.5714285714284
2020-03-24,4373.0,4315.0,4432.0,0.90,0.89,0.90,4502.142857142857,3817.0,3758.0,3880.0,0.90,0.90,0.91,4000.0
2020-03-25,4367.0,4309.0,4424.0,0.90,0.89,0.90,4382.142857142857,3916.0,3857.0,3980.0,0.92,0.92,0.93,3931.5714285714284
2020-03-26,4412.0,4352.0,4473.0,0.88,0.88,0.89,4273.428571428572,3779.0,3723.0,3846.0,0.93,0.92,0.93,3876.4285714285716
2020-03-27,4153.0,4092.0,4214.0,0.90,0.89,0.90,4163.428571428572,3817.0,3759.0,3884.0,0.93,0.93,0.94,3807.714285714286
2020-03-28,4106.0,4046.0,4168.0,0.90,0.90,0.91,4078.5714285714284,3933.0,3875.0,4001.0,0.95,0.94,0.95,3732.4285714285716
2020-03-29,3817.0,3758.0,3880.0,0.90,0.90,0.91,4000.0,3767.0,3707.0,3833.0,0.93,0.92,0.94,3629.4285714285716
2020-03-30,3916.0,3857.0,3980.0,0.92,0.92,0.93,3931.5714285714284,3625.0,3566.0,3687.0,0.92,0.92,0.93,3521.714285714286
2020-03-31,3779.0,3723.0,3846.0,0.93,0.92,0.93,3876.4285714285716,3290.0,3232.0,3347.0,0.89,0.89,0.90,3403.8571428571427
2020-04-01,3817.0,3759.0,3884.0,0.93,0.93,0.94,3807.714285714286,3195.0,3135.0,3247.0,0.89,0.88,0.89,3269.4285714285716
2020-04-02,3933.0,3875.0,4001.0,0.95,0.94,0.95,3732.4285714285716,3025.0,2971.0,3078.0,0.87,0.87,0.88,3122.4285714285716
2020-04-03,3767.0,3707.0,3833.0,0.93,0.92,0.94,3629.4285714285716,2992.0,2937.0,3046.0,0.85,0.84,0.86,2958.5714285714284
2020-04-04,3625.0,3566.0,3687.0,0.92,0.92,0.93,3521.714285714286,2992.0,2940.0,3049.0,0.83,0.82,0.84,2809.714285714286
2020-04-05,3290.0,3232.0,3347.0,0.89,0.89,0.90,3403.8571428571427,2738.0,2688.0,2796.0,0.81,0.80,0.81,2645.4285714285716
2020-04-06,3195.0,3135.0,3247.0,0.89,0.88,0.89,3269.4285714285716,2478.0,2429.0,2533.0,0.81,0.81,0.82,2492.1428571428573
2020-04-07,3025.0,2971.0,3078.0,0.87,0.87,0.88,3122.4285714285716,2248.0,2201.0,2299.0,0.79,0.78,0.79,2340.8571428571427
2020-04-08,2992.0,2937.0,3046.0,0.85,0.84,0.86,2958.5714285714284,2045.0,1997.0,2093.0,0.79,0.78,0.79,2182.285714285714
2020-04-09,2992.0,2940.0,3049.0,0.83,0.82,0.84,2809.714285714286,1952.0,1903.0,2000.0,0.78,0.77,0.78,2051.285714285714
2020-04-10,2738.0,2688.0,2796.0,0.81,0.80,0.81,2645.4285714285716,1933.0,1883.0,1980.0,0.76,0.75,0.76,1939.0
2020-04-11,2478.0,2429.0,2533.0,0.81,0.81,0.82,2492.1428571428573,1882.0,1832.0,1928.0,0.78,0.78,0.79,1837.0
2020-04-12,2248.0,2201.0,2299.0,0.79,0.78,0.79,2340.8571428571427,1821.0,1771.0,1867.0,0.80,0.79,0.81,1757.857142857143
2020-04-13,2045.0,1997.0,2093.0,0.79,0.78,0.79,2182.285714285714,1692.0,1643.0,1736.0,0.81,0.80,0.82,1681.5714285714287
2020-04-14,1952.0,1903.0,2000.0,0.78,0.77,0.78,2051.285714285714,1534.0,1486.0,1578.0,0.84,0.83,0.85,1603.0
2020-04-15,1933.0,1883.0,1980.0,0.76,0.75,0.76,1939.0,1491.0,1446.0,1534.0,0.84,0.83,0.85,1530.142857142857
2020-04-16,1882.0,1832.0,1928.0,0.78,0.78,0.79,1837.0,1418.0,1373.0,1461.0,0.82,0.82,0.83,1450.5714285714287
2020-04-17,1821.0,1771.0,1867.0,0.80,0.79,0.81,1757.857142857143,1383.0,1339.0,1426.0,0.83,0.82,0.84,1377.142857142857
2020-04-18,1692.0,1643.0,1736.0,0.81,0.80,0.82,1681.5714285714287,1372.0,1332.0,1414.0,0.81,0.80,0.82,1312.4285714285713
2020-04-19,1534.0,1486.0,1578.0,0.84,0.83,0.85,1603.0,1264.0,1224.0,1306.0,0.81,0.80,0.82,1247.857142857143
2020-04-20,1491.0,1446.0,1534.0,0.84,0.83,0.85,1530.142857142857,1178.0,1140.0,1219.0,0.83,0.81,0.84,1186.4285714285713
2020-04-21,1418.0,1373.0,1461.0,0.82,0.82,0.83,1450.5714285714287,1081.0,1043.0,1119.0,0.82,0.81,0.83,1125.0
2020-04-22,1383.0,1339.0,1426.0,0.83,0.82,0.84,1377.142857142857,1039.0,1001.0,1080.0,0.82,0.81,0.83,1066.2857142857142
2020-04-23,1372.0,1332.0,1414.0,0.81,0.80,0.82,1312.4285714285713,988.0,951.0,1027.0,0.81,0.80,0.82,1012.8571428571429
2020-04-24,1264.0,1224.0,1306.0,0.81,0.80,0.82,1247.857142857143,953.0,916.0,992.0,0.81,0.80,0.82,964.5714285714286
2020-04-25,1178.0,1140.0,1219.0,0.83,0.81,0.84,1186.4285714285713,961.0,926.0,998.0,0.81,0.80,0.83,926.1428571428571
2020-04-26,1081.0,1043.0,1119.0,0.82,0.81,0.83,1125.0,890.0,855.0,926.0,0.82,0.81,0.84,892.1428571428571
2020-04-27,1039.0,1001.0,1080.0,0.82,0.81,0.83,1066.2857142857142,840.0,806.0,875.0,0.85,0.84,0.87,865.2857142857143
2020-04-28,988.0,951.0,1027.0,0.81,0.80,0.82,1012.8571428571429,812.0,779.0,845.0,0.86,0.85,0.88,843.5714285714286
2020-04-29,953.0,916.0,992.0,0.81,0.80,0.82,964.5714285714286,801.0,767.0,833.0,0.89,0.87,0.90,818.8571428571429
2020-04-30,961.0,926.0,998.0,0.81,0.80,0.83,926.1428571428571,800.0,768.0,832.0,0.90,0.89,0.92,796.8571428571429
2020-05-01,890.0,855.0,926.0,0.82,0.81,0.84,892.1428571428571,801.0,768.0,835.0,0.89,0.87,0.90,773.5714285714286
2020-05-02,840.0,806.0,875.0,0.85,0.84,0.87,865.2857142857143,788.0,757.0,823.0,0.90,0.88,0.91,747.5714285714286
2020-05-03,812.0,779.0,845.0,0.86,0.85,0.88,843.5714285714286,736.0,704.0,770.0,0.89,0.88,0.90,721.7142857142857
2020-05-04,801.0,767.0,833.0,0.89,0.87,0.90,818.8571428571429,677.0,645.0,711.0,0.87,0.86,0.88,694.0
2020-05-05,800.0,768.0,832.0,0.90,0.89,0.92,796.8571428571429,630.0,597.0,661.0,0.87,0.85,0.88,666.4285714285714
2020-05-06,801.0,768.0,835.0,0.89,0.87,0.90,773.5714285714286,620.0,588.0,652.0,0.85,0.84,0.86,639.7142857142857
2020-05-07,788.0,757.0,823.0,0.90,0.88,0.91,747.5714285714286,606.0,575.0,637.0,0.85,0.84,0.86,620.8571428571429
2020-05-08,736.0,704.0,770.0,0.89,0.88,0.90,721.7142857142857,608.0,577.0,639.0,0.85,0.83,0.86,608.2857142857143
2020-05-09,677.0,645.0,711.0,0.87,0.86,0.88,694.0,601.0,570.0,632.0,0.89,0.87,0.91,597.1428571428571
2020-05-10,630.0,597.0,661.0,0.87,0.85,0.88,666.4285714285714,604.0,572.0,633.0,0.92,0.91,0.94,590.5714285714286
2020-05-11,620.0,588.0,652.0,0.85,0.84,0.86,639.7142857142857,589.0,558.0,619.0,0.93,0.91,0.95,578.4285714285714
2020-05-12,606.0,575.0,637.0,0.85,0.84,0.86,620.8571428571429,552.0,523.0,582.0,0.96,0.94,0.97,566.0
2020-05-13,608.0,577.0,639.0,0.85,0.83,0.86,608.2857142857143,574.0,546.0,602.0,0.92,0.90,0.94,552.7142857142857
2020-05-14,601.0,570.0,632.0,0.89,0.87,0.91,597.1428571428571,521.0,494.0,548.0,0.92,0.90,0.93,530.8571428571429
2020-05-15,604.0,572.0,633.0,0.92,0.91,0.94,590.5714285714286,521.0,492.0,550.0,0.91,0.89,0.93,507.57142857142856
2020-05-16,589.0,558.0,619.0,0.93,0.91,0.95,578.4285714285714,508.0,477.0,536.0,0.85,0.83,0.86,482.7142857142857
2020-05-17,552.0,523.0,582.0,0.96,0.94,0.97,566.0,451.0,422.0,479.0,0.83,0.82,0.85,457.57142857142856
2020-05-18,574.0,546.0,602.0,0.92,0.90,0.94,552.7142857142857,426.0,397.0,453.0,0.82,0.80,0.84,441.7142857142857
2020-05-19,521.0,494.0,548.0,0.92,0.90,0.93,530.8571428571429,378.0,351.0,403.0,0.81,0.79,0.83,429.0
2020-05-20,521.0,492.0,550.0,0.91,0.89,0.93,507.57142857142856,398.0,373.0,423.0,0.87,0.85,0.89,418.42857142857144
2020-05-21,508.0,477.0,536.0,0.85,0.83,0.86,482.7142857142857,410.0,386.0,436.0,0.89,0.87,0.91,411.57142857142856
2020-05-22,451.0,422.0,479.0,0.83,0.82,0.85,457.57142857142856,432.0,408.0,459.0,0.91,0.89,0.93,403.14285714285717
2020-05-23,426.0,397.0,453.0,0.82,0.80,0.84,441.7142857142857,434.0,408.0,460.0,0.94,0.92,0.96,395.0
2020-05-24,378.0,351.0,403.0,0.81,0.79,0.83,429.0,403.0,379.0,427.0,0.92,0.90,0.94,382.14285714285717
2020-05-25,398.0,373.0,423.0,0.87,0.85,0.89,418.42857142857144,367.0,342.0,390.0,0.92,0.90,0.94,370.85714285714283
2020-05-26,410.0,386.0,436.0,0.89,0.87,0.91,411.57142857142856,321.0,297.0,342.0,0.87,0.85,0.89,360.42857142857144
2020-05-27,432.0,408.0,459.0,0.91,0.89,0.93,403.14285714285717,308.0,288.0,331.0,0.89,0.86,0.91,352.2857142857143
2020-05-28,434.0,408.0,460.0,0.94,0.92,0.96,395.0,331.0,309.0,356.0,0.89,0.87,0.91,348.2857142857143
2020-05-29,403.0,379.0,427.0,0.92,0.90,0.94,382.14285714285717,359.0,335.0,385.0,0.91,0.89,0.94,344.42857142857144
2020-05-30,367.0,342.0,390.0,0.92,0.90,0.94,370.85714285714283,377.0,354.0,404.0,0.95,0.93,0.98,341.14285714285717
2020-05-31,321.0,297.0,342.0,0.87,0.85,0.89,360.42857142857144,375.0,351.0,402.0,0.96,0.93,0.98,342.14285714285717
2020-06-01,308.0,288.0,331.0,0.89,0.86,0.91,352.2857142857143,340.0,318.0,366.0,0.96,0.94,0.99,344.57142857142856
2020-06-02,331.0,309.0,356.0,0.89,0.87,0.91,348.2857142857143,298.0,277.0,324.0,1.01,0.98,1.03,347.7142857142857
2020-06-03,359.0,335.0,385.0,0.91,0.89,0.94,344.42857142857144,315.0,292.0,340.0,1.03,1.00,1.05,353.14285714285717
2020-06-04,377.0,354.0,404.0,0.95,0.93,0.98,341.14285714285717,348.0,324.0,373.0,1.04,1.01,1.06,357.57142857142856
2020-06-05,375.0,351.0,402.0,0.96,0.93,0.98,342.14285714285717,381.0,355.0,407.0,1.06,1.03,1.09,364.0
2020-06-06,340.0,318.0,366.0,0.96,0.94,0.99,344.57142857142856,415.0,389.0,440.0,1.05,1.02,1.07,373.7142857142857
2020-06-07,298.0,277.0,324.0,1.01,0.98,1.03,347.7142857142857,406.0,380.0,431.0,1.07,1.05,1.10,390.85714285714283
2020-06-08,315.0,292.0,340.0,1.03,1.00,1.05,353.14285714285717,385.0,358.0,408.0,1.11,1.09,1.14,429.7142857142857
2020-06-09,348.0,324.0,373.0,1.04,1.01,1.06,357.57142857142856,366.0,339.0,389.0,1.19,1.16,1.22,474.42857142857144
2020-06-10,381.0,355.0,407.0,1.06,1.03,1.09,364.0,435.0,406.0,463.0,1.43,1.39,1.46,520.7142857142857
2020-06-11,415.0,389.0,440.0,1.05,1.02,1.07,373.7142857142857,620.0,588.0,651.0,1.48,1.44,1.51,565.7142857142857
2020-06-12,406.0,380.0,431.0,1.07,1.05,1.10,390.85714285714283,694.0,662.0,728.0,1.47,1.44,1.50,590.8571428571429
2020-06-13,385.0,358.0,408.0,1.11,1.09,1.14,429.7142857142857,739.0,705.0,774.0,1.42,1.39,1.45,608.1428571428571
2020-06-14,366.0,339.0,389.0,1.19,1.16,1.22,474.42857142857144,721.0,685.0,755.0,1.19,1.17,1.22,613.2857142857143
2020-06-15,435.0,406.0,463.0,1.43,1.39,1.46,520.7142857142857,561.0,526.0,595.0,1.13,1.10,1.15,587.0
2020-06-16,620.0,588.0,651.0,1.48,1.44,1.51,565.7142857142857,487.0,453.0,519.0,1.04,1.01,1.06,549.8571428571429
2020-06-17,694.0,662.0,728.0,1.47,1.44,1.50,590.8571428571429,471.0,438.0,504.0,0.83,0.81,0.84,507.85714285714283
2020-06-18,739.0,705.0,774.0,1.42,1.39,1.45,608.1428571428571,436.0,406.0,467.0,0.76,0.75,0.78,467.0
2020-06-19,721.0,685.0,755.0,1.19,1.17,1.22,613.2857142857143,434.0,406.0,463.0,0.73,0.71,0.74,446.14285714285717
2020-06-20,561.0,526.0,595.0,1.13,1.10,1.15,587.0,445.0,417.0,473.0,0.73,0.71,0.74,430.2857142857143
2020-06-21,487.0,453.0,519.0,1.04,1.01,1.06,549.8571428571429,435.0,407.0,461.0,0.83,0.82,0.86,417.2857142857143
2020-06-22,471.0,438.0,504.0,0.83,0.81,0.84,507.85714285714283,415.0,388.0,440.0,0.87,0.85,0.89,409.57142857142856
2020-06-23,436.0,406.0,467.0,0.76,0.75,0.78,467.0,376.0,349.0,401.0,0.89,0.87,0.91,404.0
2020-06-24,434.0,406.0,463.0,0.73,0.71,0.74,446.14285714285717,380.0,354.0,404.0,0.93,0.91,0.95,397.85714285714283
2020-06-25,445.0,417.0,473.0,0.73,0.71,0.74,430.2857142857143,382.0,355.0,405.0,0.95,0.92,0.97,390.2857142857143
2020-06-26,435.0,407.0,461.0,0.83,0.82,0.86,417.2857142857143,395.0,368.0,418.0,0.94,0.92,0.96,380.7142857142857
2020-06-27,415.0,388.0,440.0,0.87,0.85,0.89,409.57142857142856,402.0,376.0,427.0,0.93,0.90,0.95,372.57142857142856
2020-06-28,376.0,349.0,401.0,0.89,0.87,0.91,404.0,382.0,357.0,406.0,0.90,0.88,0.93,365.0
2020-06-29,380.0,354.0,404.0,0.93,0.91,0.95,397.85714285714283,348.0,322.0,372.0,0.92,0.90,0.94,358.14285714285717
2020-06-30,382.0,355.0,405.0,0.95,0.92,0.97,390.2857142857143,319.0,295.0,343.0,0.92,0.90,0.95,351.57142857142856
2020-07-01,395.0,368.0,418.0,0.94,0.92,0.96,380.7142857142857,327.0,303.0,349.0,0.93,0.91,0.96,347.14285714285717
2020-07-02,402.0,376.0,427.0,0.93,0.90,0.95,372.57142857142856,334.0,310.0,357.0,0.93,0.91,0.95,347.57142857142856
2020-07-03,382.0,357.0,406.0,0.90,0.88,0.93,365.0,349.0,325.0,372.0,0.95,0.93,0.97,353.14285714285717
2020-07-04,348.0,322.0,372.0,0.92,0.90,0.94,358.14285714285717,371.0,348.0,393.0,1.01,0.98,1.03,363.0
2020-07-05,319.0,295.0,343.0,0.92,0.90,0.95,351.57142857142856,385.0,362.0,409.0,1.07,1.03,1.10,377.57142857142856
2020-07-06,327.0,303.0,349.0,0.93,0.91,0.96,347.14285714285717,387.0,364.0,412.0,1.12,1.09,1.14,394.2857142857143
2020-07-07,334.0,310.0,357.0,0.93,0.91,0.95,347.57142857142856,388.0,365.0,412.0,1.17,1.14,1.20,415.14285714285717
2020-07-08,349.0,325.0,372.0,0.95,0.93,0.97,353.14285714285717,429.0,405.0,455.0,1.19,1.16,1.21,436.7142857142857
2020-07-09,371.0,348.0,393.0,1.01,0.98,1.03,363.0,451.0,426.0,478.0,1.23,1.20,1.25,456.0
2020-07-10,385.0,362.0,409.0,1.07,1.03,1.10,377.57142857142856,495.0,468.0,525.0,1.23,1.20,1.26,473.85714285714283
2020-07-11,387.0,364.0,412.0,1.12,1.09,1.14,394.2857142857143,522.0,494.0,553.0,1.19,1.16,1.22,490.0
2020-07-12,388.0,365.0,412.0,1.17,1.14,1.20,415.14285714285717,520.0,491.0,551.0,1.17,1.14,1.19,508.2857142857143
2020-07-13,429.0,405.0,455.0,1.19,1.16,1.21,436.7142857142857,512.0,484.0,541.0,1.14,1.12,1.17,529.2857142857143
2020-07-14,451.0,426.0,478.0,1.23,1.20,1.25,456.0,501.0,475.0,529.0,1.16,1.13,1.18,553.0
2020-07-15,495.0,468.0,525.0,1.23,1.20,1.26,473.85714285714283,557.0,530.0,584.0,1.17,1.15,1.20,578.5714285714286
2020-07-16,522.0,494.0,553.0,1.19,1.16,1.22,490.0,598.0,570.0,626.0,1.19,1.17,1.22,604.2857142857143
2020-07-17,520.0,491.0,551.0,1.17,1.14,1.19,508.2857142857143,661.0,632.0,691.0,1.20,1.17,1.22,628.2857142857143
2020-07-18,512.0,484.0,541.0,1.14,1.12,1.17,529.2857142857143,701.0,669.0,733.0,1.19,1.17,1.21,649.2857142857143
2020-07-19,501.0,475.0,529.0,1.16,1.13,1.18,553.0,700.0,669.0,733.0,1.17,1.15,1.19,667.5714285714286
2020-07-20,557.0,530.0,584.0,1.17,1.15,1.20,578.5714285714286,680.0,649.0,713.0,1.14,1.12,1.16,682.5714285714286
2020-07-21,598.0,570.0,626.0,1.19,1.17,1.22,604.2857142857143,648.0,616.0,680.0,1.12,1.10,1.14,693.0
2020-07-22,661.0,632.0,691.0,1.20,1.17,1.22,628.2857142857143,685.0,652.0,717.0,1.09,1.07,1.11,703.2857142857143
2020-07-23,701.0,669.0,733.0,1.19,1.17,1.21,649.2857142857143,703.0,671.0,738.0,1.06,1.05,1.08,712.0
2020-07-24,700.0,669.0,733.0,1.17,1.15,1.19,667.5714285714286,734.0,702.0,768.0,1.06,1.04,1.08,725.5714285714286
2020-07-25,680.0,649.0,713.0,1.14,1.12,1.16,682.5714285714286,773.0,740.0,808.0,1.05,1.03,1.07,749.1428571428571
2020-07-26,648.0,616.0,680.0,1.12,1.10,1.14,693.0,761.0,728.0,796.0,1.08,1.06,1.10,778.7142857142857
2020-07-27,685.0,652.0,717.0,1.09,1.07,1.11,703.2857142857143,775.0,741.0,811.0,1.13,1.11,1.15,813.4285714285714
2020-07-28,703.0,671.0,738.0,1.06,1.05,1.08,712.0,813.0,775.0,849.0,1.17,1.15,1.18,849.5714285714286
2020-07-29,734.0,702.0,768.0,1.06,1.04,1.08,725.5714285714286,892.0,852.0,931.0,1.19,1.17,1.21,884.2857142857143
2020-07-30,773.0,740.0,808.0,1.05,1.03,1.07,749.1428571428571,946.0,907.0,987.0,1.19,1.17,1.21,919.7142857142857
2020-07-31,761.0,728.0,796.0,1.08,1.06,1.10,778.7142857142857,987.0,948.0,1028.0,1.17,1.16,1.20,953.4285714285714
2020-08-01,775.0,741.0,811.0,1.13,1.11,1.15,813.4285714285714,1016.0,976.0,1059.0,1.17,1.15,1.19,983.7142857142857
2020-08-02,813.0,775.0,849.0,1.17,1.15,1.18,849.5714285714286,1009.0,967.0,1053.0,1.16,1.14,1.18,1016.8571428571429
2020-08-03,892.0,852.0,931.0,1.19,1.17,1.21,884.2857142857143,1011.0,967.0,1058.0,1.13,1.12,1.15,1051.4285714285713
2020-08-04,946.0,907.0,987.0,1.19,1.17,1.21,919.7142857142857,1025.0,978.0,1073.0,1.14,1.12,1.16,1091.5714285714287
2020-08-05,987.0,948.0,1028.0,1.17,1.16,1.20,953.4285714285714,1124.0,1075.0,1176.0,1.14,1.12,1.16,1138.7142857142858
2020-08-06,1016.0,976.0,1059.0,1.17,1.15,1.19,983.7142857142857,1188.0,1139.0,1241.0,1.16,1.14,1.18,1184.0
2020-08-07,1009.0,967.0,1053.0,1.16,1.14,1.18,1016.8571428571429,1268.0,1219.0,1321.0,1.18,1.17,1.20,1225.142857142857
2020-08-08,1011.0,967.0,1058.0,1.13,1.12,1.15,1051.4285714285713,1346.0,1293.0,1401.0,1.17,1.15,1.19,1258.857142857143
2020-08-09,1025.0,978.0,1073.0,1.14,1.12,1.16,1091.5714285714287,1326.0,1272.0,1378.0,1.15,1.13,1.16,1280.5714285714287
2020-08-10,1124.0,1075.0,1176.0,1.14,1.12,1.16,1138.7142857142858,1299.0,1247.0,1353.0,1.12,1.10,1.13,1298.0
2020-08-11,1188.0,1139.0,1241.0,1.16,1.14,1.18,1184.0,1261.0,1210.0,1317.0,1.07,1.06,1.09,1307.2857142857142
2020-08-12,1268.0,1219.0,1321.0,1.18,1.17,1.20,1225.142857142857,1276.0,1229.0,1332.0,1.06,1.04,1.07,1304.5714285714287
2020-08-13,1346.0,1293.0,1401.0,1.17,1.15,1.19,1258.857142857143,1310.0,1264.0,1367.0,1.03,1.01,1.04,1295.4285714285713
2020-08-14,1326.0,1272.0,1378.0,1.15,1.13,1.16,1280.5714285714287,1333.0,1286.0,1387.0,0.99,0.98,1.01,1277.7142857142858
2020-08-15,1299.0,1247.0,1353.0,1.12,1.10,1.13,1298.0,1327.0,1277.0,1377.0,0.97,0.96,0.99,1260.7142857142858
2020-08-16,1261.0,1210.0,1317.0,1.07,1.06,1.09,1307.2857142857142,1262.0,1213.0,1311.0,0.95,0.93,0.96,1251.857142857143
2020-08-17,1276.0,1229.0,1332.0,1.06,1.04,1.07,1304.5714285714287,1175.0,1130.0,1223.0,0.95,0.93,0.96,1244.2857142857142
2020-08-18,1310.0,1264.0,1367.0,1.03,1.01,1.04,1295.4285714285713,1142.0,1099.0,1188.0,0.97,0.96,0.99,1236.5714285714287
2020-08-19,1333.0,1286.0,1387.0,0.99,0.98,1.01,1277.7142857142858,1214.0,1172.0,1260.0,0.98,0.96,0.99,1231.857142857143
2020-08-20,1327.0,1277.0,1377.0,0.97,0.96,0.99,1260.7142857142858,1257.0,1216.0,1305.0,0.98,0.96,0.99,1225.857142857143
2020-08-21,1262.0,1213.0,1311.0,0.95,0.93,0.96,1251.857142857143,1279.0,1238.0,1327.0,0.98,0.97,1.00,1219.0
2020-08-22,1175.0,1130.0,1223.0,0.95,0.93,0.96,1244.2857142857142,1294.0,1249.0,1345.0,0.98,0.97,0.99,1210.5714285714287
2020-08-23,1142.0,1099.0,1188.0,0.97,0.96,0.99,1236.5714285714287,1220.0,1174.0,1270.0,0.98,0.96,0.99,1197.142857142857
2020-08-24,1214.0,1172.0,1260.0,0.98,0.96,0.99,1231.857142857143,1127.0,1082.0,1175.0,0.97,0.95,0.99,1190.0
2020-08-25,1257.0,1216.0,1305.0,0.98,0.96,0.99,1225.857142857143,1083.0,1037.0,1130.0,0.96,0.94,0.97,1193.0
2020-08-26,1279.0,1238.0,1327.0,0.98,0.97,1.00,1219.0,1120.0,1074.0,1168.0,0.98,0.96,0.99,1202.142857142857
2020-08-27,1294.0,1249.0,1345.0,0.98,0.97,0.99,1210.5714285714287,1207.0,1162.0,1257.0,1.01,0.99,1.02,1218.7142857142858
2020-08-28,1220.0,1174.0,1270.0,0.98,0.96,0.99,1197.142857142857,1300.0,1253.0,1353.0,1.03,1.02,1.04,1236.857142857143
2020-08-29,1127.0,1082.0,1175.0,0.97,0.95,0.99,1190.0,1358.0,1310.0,1412.0,1.06,1.04,1.07,1260.2857142857142
2020-08-30,1083.0,1037.0,1130.0,0.96,0.94,0.97,1193.0,1336.0,1288.0,1387.0,1.06,1.05,1.08,1290.4285714285713
2020-08-31,1120.0,1074.0,1168.0,0.98,0.96,0.99,1202.142857142857,1254.0,1207.0,1302.0,1.08,1.06,1.09,1319.142857142857
2020-09-01,1207.0,1162.0,1257.0,1.01,0.99,1.02,1218.7142857142858,1247.0,1201.0,1295.0,1.10,1.08,1.11,1350.4285714285713
2020-09-02,1300.0,1253.0,1353.0,1.03,1.02,1.04,1236.857142857143,1331.0,1286.0,1379.0,1.09,1.08,1.11,1385.0
2020-09-03,1358.0,1310.0,1412.0,1.06,1.04,1.07,1260.2857142857142,1408.0,1365.0,1454.0,1.10,1.08,1.11,1424.5714285714287
2020-09-04,1336.0,1288.0,1387.0,1.06,1.05,1.08,1290.4285714285713,1519.0,1474.0,1570.0,1.11,1.09,1.12,1474.142857142857
2020-09-05,1254.0,1207.0,1302.0,1.08,1.06,1.09,1319.142857142857,1600.0,1553.0,1652.0,1.12,1.10,1.13,1523.857142857143
2020-09-06,1247.0,1201.0,1295.0,1.10,1.08,1.11,1350.4285714285713,1613.0,1566.0,1666.0,1.15,1.13,1.16,1579.4285714285713
2020-09-07,1331.0,1286.0,1379.0,1.09,1.08,1.11,1385.0,1601.0,1555.0,1660.0,1.14,1.13,1.16,1635.5714285714287
2020-09-08,1408.0,1365.0,1454.0,1.10,1.08,1.11,1424.5714285714287,1595.0,1550.0,1654.0,1.15,1.14,1.17,1688.2857142857142
2020-09-09,1519.0,1474.0,1570.0,1.11,1.09,1.12,1474.142857142857,1720.0,1673.0,1777.0,1.15,1.14,1.16,1734.5714285714287
2020-09-10,1600.0,1553.0,1652.0,1.12,1.10,1.13,1523.857142857143,1801.0,1752.0,1856.0,1.14,1.12,1.15,1764.142857142857
2020-09-11,1613.0,1566.0,1666.0,1.15,1.13,1.16,1579.4285714285713,1888.0,1839.0,1941.0,1.12,1.10,1.13,1778.7142857142858
2020-09-12,1601.0,1555.0,1660.0,1.14,1.13,1.16,1635.5714285714287,1924.0,1876.0,1977.0,1.07,1.06,1.08,1785.0
2020-09-13,1595.0,1550.0,1654.0,1.15,1.14,1.17,1688.2857142857142,1820.0,1773.0,1873.0,1.03,1.02,1.05,1790.142857142857
2020-09-14,1720.0,1673.0,1777.0,1.15,1.14,1.16,1734.5714285714287,1703.0,1658.0,1755.0,1.01,1.01,1.02,1799.857142857143
2020-09-15,1801.0,1752.0,1856.0,1.14,1.12,1.15,1764.142857142857,1639.0,1591.0,1687.0,1.01,1.00,1.02,1817.857142857143
2020-09-16,1888.0,1839.0,1941.0,1.12,1.10,1.13,1778.7142857142858,1756.0,1704.0,1803.0,1.02,1.01,1.03,1846.4285714285713
2020-09-17,1924.0,1876.0,1977.0,1.07,1.06,1.08,1785.0,1869.0,1815.0,1915.0,1.04,1.03,1.05,1888.7142857142858
2020-09-18,1820.0,1773.0,1873.0,1.03,1.02,1.05,1790.142857142857,2014.0,1956.0,2063.0,1.06,1.05,1.07,1939.5714285714287
2020-09-19,1703.0,1658.0,1755.0,1.01,1.01,1.02,1799.857142857143,2124.0,2064.0,2176.0,1.09,1.08,1.10,1993.2857142857142
2020-09-20,1639.0,1591.0,1687.0,1.01,1.00,1.02,1817.857142857143,2116.0,2059.0,2173.0,1.11,1.10,1.12,2051.5714285714284
2020-09-21,1756.0,1704.0,1803.0,1.02,1.01,1.03,1846.4285714285713,2059.0,2002.0,2118.0,1.12,1.11,1.13,2115.285714285714
2020-09-22,1869.0,1815.0,1915.0,1.04,1.03,1.05,1888.7142857142858,2015.0,1961.0,2073.0,1.12,1.11,1.13,2189.0
2020-09-23,2014.0,1956.0,2063.0,1.06,1.05,1.07,1939.5714285714287,2164.0,2107.0,2227.0,1.13,1.12,1.14,2286.4285714285716
2020-09-24,2124.0,2064.0,2176.0,1.09,1.08,1.10,1993.2857142857142,2315.0,2256.0,2382.0,1.15,1.13,1.16,2410.285714285714
2020-09-25,2116.0,2059.0,2173.0,1.11,1.10,1.12,2051.5714285714284,2530.0,2465.0,2594.0,1.19,1.17,1.20,2563.4285714285716
2020-09-26,2059.0,2002.0,2118.0,1.12,1.11,1.13,2115.285714285714,2806.0,2734.0,2877.0,1.23,1.22,1.24,2745.5714285714284
2020-09-27,2015.0,1961.0,2073.0,1.12,1.11,1.13,2189.0,2983.0,2911.0,3051.0,1.28,1.26,1.29,2968.8571428571427
2020-09-28,2164.0,2107.0,2227.0,1.13,1.12,1.14,2286.4285714285716,3131.0,3057.0,3201.0,1.31,1.30,1.33,3221.285714285714
2020-09-29,2315.0,2256.0,2382.0,1.15,1.13,1.16,2410.285714285714,3290.0,3218.0,3359.0,1.36,1.35,1.37,3498.5714285714284
2020-09-30,2530.0,2465.0,2594.0,1.19,1.17,1.20,2563.4285714285716,3727.0,3654.0,3799.0,1.38,1.37,1.39,3792.1428571428573
2020-10-01,2806.0,2734.0,2877.0,1.23,1.22,1.24,2745.5714285714284,4082.0,4005.0,4161.0,1.39,1.38,1.40,4082.5714285714284
2020-10-02,2983.0,2911.0,3051.0,1.28,1.26,1.29,2968.8571428571427,4471.0,4389.0,4551.0,1.38,1.37,1.40,4370.285714285715
2020-10-03,3131.0,3057.0,3201.0,1.31,1.30,1.33,3221.285714285714,4861.0,4772.0,4953.0,1.35,1.34,1.36,4656.285714285715
2020-10-04,3290.0,3218.0,3359.0,1.36,1.35,1.37,3498.5714285714284,5016.0,4930.0,5107.0,1.32,1.31,1.32,4969.857142857143
2020-10-05,3727.0,3654.0,3799.0,1.38,1.37,1.39,3792.1428571428573,5145.0,5057.0,5232.0,1.29,1.28,1.30,5321.142857142857
2020-10-06,4082.0,4005.0,4161.0,1.39,1.38,1.40,4082.5714285714284,5292.0,5197.0,5375.0,1.30,1.29,1.30,5728.428571428572
2020-10-07,4471.0,4389.0,4551.0,1.38,1.37,1.40,4370.285714285715,5922.0,5823.0,6006.0,1.31,1.30,1.32,6194.142857142857
2020-10-08,4861.0,4772.0,4953.0,1.35,1.34,1.36,4656.285714285715,6541.0,6433.0,6630.0,1.34,1.33,1.35,6711.285714285715
2020-10-09,5016.0,4930.0,5107.0,1.32,1.31,1.32,4969.857142857143,7322.0,7203.0,7428.0,1.37,1.35,1.37,7263.571428571428
2020-10-10,5145.0,5057.0,5232.0,1.29,1.28,1.30,5321.142857142857,8121.0,8005.0,8239.0,1.38,1.37,1.39,7867.0
2020-10-11,5292.0,5197.0,5375.0,1.30,1.29,1.30,5728.428571428572,8636.0,8508.0,8757.0,1.37,1.36,1.38,8563.857142857143
2020-10-12,5922.0,5823.0,6006.0,1.31,1.30,1.32,6194.142857142857,9011.0,8876.0,9139.0,1.38,1.37,1.38,9360.142857142857
2020-10-13,6541.0,6433.0,6630.0,1.34,1.33,1.35,6711.285714285715,9516.0,9386.0,9650.0,1.40,1.39,1.41,10260.42857142857
2020-10-14,7322.0,7203.0,7428.0,1.37,1.35,1.37,7263.571428571428,10800.0,10655.0,10941.0,1.42,1.41,1.43,11210.0
2020-10-15,8121.0,8005.0,8239.0,1.38,1.37,1.39,7867.0,12115.0,11963.0,12259.0,1.44,1.44,1.45,12158.42857142857
2020-10-16,8636.0,8508.0,8757.0,1.37,1.36,1.38,8563.857142857143,13624.0,13464.0,13780.0,1.43,1.42,1.44,13062.857142857143
2020-10-17,9011.0,8876.0,9139.0,1.38,1.37,1.38,9360.142857142857,14768.0,14596.0,14921.0,1.39,1.38,1.40,13904.42857142857
2020-10-18,9516.0,9386.0,9650.0,1.40,1.39,1.41,10260.42857142857,15275.0,15092.0,15436.0,1.34,1.33,1.34,14711.42857142857
2020-10-19,10800.0,10655.0,10941.0,1.42,1.41,1.43,11210.0,15342.0,15162.0,15508.0,1.29,1.28,1.29,15422.142857142857
2020-10-20,12115.0,11963.0,12259.0,1.44,1.44,1.45,12158.42857142857,15407.0,15225.0,15577.0,1.26,1.25,1.26,16024.57142857143
2020-10-21,13624.0,13464.0,13780.0,1.43,1.42,1.44,13062.857142857143,16449.0,16273.0,16625.0,1.21,1.20,1.21,16504.85714285714
2020-10-22,14768.0,14596.0,14921.0,1.39,1.38,1.40,13904.42857142857,17090.0,16924.0,17269.0,1.17,1.16,1.17,16842.85714285714
2020-10-23,15275.0,15092.0,15436.0,1.34,1.33,1.34,14711.42857142857,17841.0,17668.0,18029.0,1.13,1.12,1.13,17071.14285714286
2020-10-24,15342.0,15162.0,15508.0,1.29,1.28,1.29,15422.142857142857,18130.0,17947.0,18316.0,1.09,1.08,1.09,17239.0
2020-10-25,15407.0,15225.0,15577.0,1.26,1.25,1.26,16024.57142857143,17641.0,17458.0,17817.0,1.06,1.05,1.06,17406.428571428572
2020-10-26,16449.0,16273.0,16625.0,1.21,1.20,1.21,16504.85714285714,16940.0,16747.0,17107.0,1.04,1.04,1.04,17545.714285714286
2020-10-27,17090.0,16924.0,17269.0,1.17,1.16,1.17,16842.85714285714,16582.0,16398.0,16745.0,1.04,1.03,1.04,17663.714285714286
2020-10-28,17841.0,17668.0,18029.0,1.13,1.12,1.13,17071.14285714286,17621.0,17446.0,17789.0,1.03,1.03,1.04,17736.285714285714
2020-10-29,18130.0,17947.0,18316.0,1.09,1.08,1.09,17239.0,18065.0,17884.0,18243.0,1.03,1.02,1.03,17705.571428571428
2020-10-30,17641.0,17458.0,17817.0,1.06,1.05,1.06,17406.428571428572,18667.0,18495.0,18842.0,1.02,1.01,1.02,17633.14285714286
2020-10-31,16940.0,16747.0,17107.0,1.04,1.04,1.04,17545.714285714286,18638.0,18463.0,18815.0,0.99,0.99,1.00,17509.0
2020-11-01,16582.0,16398.0,16745.0,1.04,1.03,1.04,17663.714285714286,17426.0,17259.0,17602.0,0.98,0.98,0.99,17325.428571428572
2020-11-02,17621.0,17446.0,17789.0,1.03,1.03,1.04,17736.285714285714,16433.0,16274.0,16604.0,0.97,0.97,0.98,17160.85714285714
2020-11-03,18065.0,17884.0,18243.0,1.03,1.02,1.03,17705.571428571428,15713.0,15544.0,15890.0,0.96,0.95,0.96,17012.85714285714
2020-11-04,18667.0,18495.0,18842.0,1.02,1.01,1.02,17633.14285714286,16336.0,16166.0,16529.0,0.96,0.96,0.97,16958.428571428572
2020-11-05,18638.0,18463.0,18815.0,0.99,0.99,1.00,17509.0,16913.0,16731.0,17101.0,0.97,0.96,0.97,17052.714285714286
2020-11-06,17426.0,17259.0,17602.0,0.98,0.98,0.99,17325.428571428572,17631.0,17437.0,17824.0,0.99,0.98,0.99,17213.285714285714
2020-11-07,16433.0,16274.0,16604.0,0.97,0.97,0.98,17160.85714285714,18257.0,18069.0,18457.0,1.02,1.02,1.03,17425.285714285714
2020-11-08,15713.0,15544.0,15890.0,0.96,0.95,0.96,17012.85714285714,18086.0,17902.0,18277.0,1.04,1.03,1.04,17648.285714285714
2020-11-09,16336.0,16166.0,16529.0,0.96,0.96,0.97,16958.428571428572,17557.0,17382.0,17750.0,1.05,1.05,1.05,17827.571428571428
2020-11-10,16913.0,16731.0,17101.0,0.97,0.96,0.97,17052.714285714286,17197.0,17027.0,17392.0,1.05,1.05,1.06,17985.571428571428
2020-11-11,17631.0,17437.0,17824.0,0.99,0.98,0.99,17213.285714285714,17897.0,17718.0,18088.0,1.04,1.04,1.05,18082.0
2020-11-12,18257.0,18069.0,18457.0,1.02,1.02,1.03,17425.285714285714,18168.0,17983.0,18353.0,1.04,1.03,1.04,18072.0
2020-11-13,18086.0,17902.0,18277.0,1.04,1.03,1.04,17648.285714285714,18737.0,18548.0,18918.0,1.02,1.02,1.03,17959.714285714286
2020-11-14,17557.0,17382.0,17750.0,1.05,1.05,1.05,17827.571428571428,18932.0,18744.0,19125.0,1.00,0.99,1.00,17752.85714285714
2020-11-15,17197.0,17027.0,17392.0,1.05,1.05,1.06,17985.571428571428,18016.0,17828.0,18210.0,0.98,0.97,0.98,17489.285714285714
2020-11-16,17897.0,17718.0,18088.0,1.04,1.04,1.05,18082.0,16771.0,16590.0,16957.0,0.95,0.95,0.96,17209.85714285714
2020-11-17,18168.0,17983.0,18353.0,1.04,1.03,1.04,18072.0,15749.0,15567.0,15940.0,0.94,0.94,0.94,16936.571428571428
2020-11-18,18737.0,18548.0,18918.0,1.02,1.02,1.03,17959.714285714286,16052.0,15866.0,16226.0,0.94,0.93,0.94,16689.285714285714
2020-11-19,18932.0,18744.0,19125.0,1.00,0.99,1.00,17752.85714285714,16212.0,16035.0,16381.0,0.94,0.93,0.94,16499.285714285714
2020-11-20,18016.0,17828.0,18210.0,0.98,0.97,0.98,17489.285714285714,16824.0,16628.0,17001.0,0.94,0.94,0.95,16418.14285714286
2020-11-21,16771.0,16590.0,16957.0,0.95,0.95,0.96,17209.85714285714,17201.0,17008.0,17374.0,0.96,0.95,0.96,16427.571428571428
2020-11-22,15749.0,15567.0,15940.0,0.94,0.94,0.94,16936.571428571428,16686.0,16497.0,16859.0,0.98,0.98,0.98,16561.571428571428
2020-11-23,16052.0,15866.0,16226.0,0.94,0.93,0.94,16689.285714285714,16203.0,16015.0,16380.0,1.00,1.00,1.01,16827.14285714286
2020-11-24,16212.0,16035.0,16381.0,0.94,0.93,0.94,16499.285714285714,15815.0,15639.0,15985.0,1.03,1.03,1.04,17187.85714285714
2020-11-25,16824.0,16628.0,17001.0,0.94,0.94,0.95,16418.14285714286,16990.0,16799.0,17161.0,1.07,1.06,1.07,17692.0
2020-11-26,17201.0,17008.0,17374.0,0.96,0.95,0.96,16427.571428571428,18071.0,17872.0,18252.0,1.09,1.08,1.09,18299.285714285714
2020-11-27,16686.0,16497.0,16859.0,0.98,0.98,0.98,16561.571428571428,19349.0,19138.0,19542.0,1.12,1.12,1.13,18964.714285714286
2020-11-28,16203.0,16015.0,16380.0,1.00,1.00,1.01,16827.14285714286,20730.0,20510.0,20928.0,1.14,1.14,1.15,19692.285714285714
2020-11-29,15815.0,15639.0,15985.0,1.03,1.03,1.04,17187.85714285714,20937.0,20729.0,21141.0,1.15,1.15,1.16,20438.0
2020-11-30,16990.0,16799.0,17161.0,1.07,1.06,1.07,17692.0,20861.0,20657.0,21070.0,1.16,1.16,1.17,21183.571428571428
2020-12-01,18071.0,17872.0,18252.0,1.09,1.08,1.09,18299.285714285714,20908.0,20716.0,21103.0,1.16,1.16,1.16,21915.85714285714
2020-12-02,19349.0,19138.0,19542.0,1.12,1.12,1.13,18964.714285714286,22210.0,22015.0,22416.0,1.15,1.15,1.16,22588.714285714286
2020-12-03,20730.0,20510.0,20928.0,1.14,1.14,1.15,19692.285714285714,23290.0,23083.0,23496.0,1.15,1.14,1.15,23174.0
2020-12-04,20937.0,20729.0,21141.0,1.15,1.15,1.16,20438.0,24475.0,24263.0,24674.0,1.13,1.13,1.13,23668.14285714286
2020-12-05,20861.0,20657.0,21070.0,1.16,1.16,1.17,21183.571428571428,25440.0,25213.0,25650.0,1.11,1.10,1.11,24051.85714285714
2020-12-06,20908.0,20716.0,21103.0,1.16,1.16,1.16,21915.85714285714,25034.0,24817.0,25246.0,1.09,1.08,1.09,24369.714285714286
2020-12-07,22210.0,22015.0,22416.0,1.15,1.15,1.16,22588.714285714286,24320.0,24116.0,24534.0,1.07,1.06,1.07,24607.571428571428
2020-12-08,23290.0,23083.0,23496.0,1.15,1.14,1.15,23174.0,23594.0,23378.0,23809.0,1.05,1.05,1.06,24762.428571428572
2020-12-09,24475.0,24263.0,24674.0,1.13,1.13,1.13,23668.14285714286,24435.0,24212.0,24649.0,1.04,1.04,1.04,24831.85714285714
2020-12-10,25440.0,25213.0,25650.0,1.11,1.10,1.11,24051.85714285714,24955.0,24721.0,25175.0,1.03,1.02,1.03,24783.85714285714
2020-12-11,25034.0,24817.0,25246.0,1.09,1.08,1.09,24369.714285714286,25559.0,25310.0,25780.0,1.01,1.01,1.01,24626.571428571428
2020-12-12,24320.0,24116.0,24534.0,1.07,1.06,1.07,24607.571428571428,25926.0,25683.0,26138.0,0.99,0.99,1.00,24378.571428571428
2020-12-13,23594.0,23378.0,23809.0,1.05,1.05,1.06,24762.428571428572,24698.0,24472.0,24911.0,0.97,0.97,0.98,23985.571428571428
2020-12-14,24435.0,24212.0,24649.0,1.04,1.04,1.04,24831.85714285714,23219.0,23001.0,23413.0,0.96,0.96,0.96,23427.428571428572
2020-12-15,24955.0,24721.0,25175.0,1.03,1.02,1.03,24783.85714285714,21858.0,21649.0,22043.0,0.94,0.93,0.94,22708.428571428572
2020-12-16,25559.0,25310.0,25780.0,1.01,1.01,1.01,24626.571428571428,21684.0,21472.0,21876.0,0.91,0.91,0.91,21812.285714285714
2020-12-17,25926.0,25683.0,26138.0,0.99,0.99,1.00,24378.571428571428,21048.0,20832.0,21234.0,0.88,0.88,0.88,20801.714285714286
2020-12-18,24698.0,24472.0,24911.0,0.97,0.97,0.98,23985.571428571428,20526.0,20310.0,20722.0,0.85,0.85,0.85,19850.14285714286
2020-12-19,23219.0,23001.0,23413.0,0.96,0.96,0.96,23427.428571428572,19653.0,19436.0,19848.0,0.83,0.82,0.83,19077.285714285714
2020-12-20,21858.0,21649.0,22043.0,0.94,0.93,0.94,22708.428571428572,17624.0,17422.0,17816.0,0.83,0.83,0.83,18538.428571428572
2020-12-21,21684.0,21472.0,21876.0,0.91,0.91,0.91,21812.285714285714,16558.0,16369.0,16744.0,0.86,0.85,0.86,18221.0
2020-12-22,21048.0,20832.0,21234.0,0.88,0.88,0.88,20801.714285714286,16448.0,16270.0,16632.0,0.89,0.89,0.90,17977.714285714286
2020-12-23,20526.0,20310.0,20722.0,0.85,0.85,0.85,19850.14285714286,17912.0,17738.0,18104.0,0.93,0.93,0.94,17733.714285714286
2020-12-24,19653.0,19436.0,19848.0,0.83,0.82,0.83,19077.285714285714,18826.0,18650.0,19022.0,0.95,0.94,0.95,17517.85714285714
2020-12-25,17624.0,17422.0,17816.0,0.83,0.83,0.83,18538.428571428572,18823.0,18645.0,19021.0,0.95,0.94,0.95,17366.428571428572
2020-12-26,16558.0,16369.0,16744.0,0.86,0.85,0.86,18221.0,17945.0,17770.0,18130.0,0.95,0.95,0.96,17276.285714285714
2020-12-27,16448.0,16270.0,16632.0,0.89,0.89,0.90,17977.714285714286,16113.0,15943.0,16291.0,0.97,0.96,0.97,17219.14285714286
2020-12-28,17912.0,17738.0,18104.0,0.93,0.93,0.94,17733.714285714286,15498.0,15332.0,15663.0,0.98,0.98,0.98,17179.714285714286
2020-12-29,18826.0,18650.0,19022.0,0.95,0.94,0.95,17517.85714285714,15817.0,15647.0,15984.0,0.99,0.98,0.99,17172.14285714286
2020-12-30,18823.0,18645.0,19021.0,0.95,0.94,0.95,17366.428571428572,17512.0,17338.0,17680.0,0.99,0.99,1.00,17220.428571428572
2020-12-31,17945.0,17770.0,18130.0,0.95,0.95,0.96,17276.285714285714,18550.0,18370.0,18718.0,1.00,0.99,1.00,17317.85714285714
2021-01-01,16113.0,15943.0,16291.0,0.97,0.96,0.97,17219.14285714286,18770.0,18586.0,18946.0,1.01,1.01,1.02,17296.14285714286
2021-01-02,15498.0,15332.0,15663.0,0.98,0.98,0.98,17179.714285714286,18283.0,18097.0,18451.0,1.02,1.02,1.03,17119.428571428572
2021-01-03,15817.0,15647.0,15984.0,0.99,0.98,0.99,17172.14285714286,16795.0,16602.0,16970.0,0.99,0.99,1.00,16737.428571428572
2021-01-04,17512.0,17338.0,17680.0,0.99,0.99,1.00,17220.428571428572,15346.0,15155.0,15523.0,0.96,0.96,0.96,16201.142857142857
2021-01-05,18550.0,18370.0,18718.0,1.00,0.99,1.00,17317.85714285714,14580.0,14395.0,14748.0,0.91,0.91,0.92,15674.857142857143
2021-01-06,18770.0,18586.0,18946.0,1.01,1.01,1.02,17296.14285714286,14838.0,14656.0,15017.0,0.88,0.87,0.88,15200.857142857143
2021-01-07,18283.0,18097.0,18451.0,1.02,1.02,1.03,17119.428571428572,14796.0,14614.0,14979.0,0.88,0.87,0.88,14823.714285714286
2021-01-08,16795.0,16602.0,16970.0,0.99,0.99,1.00,16737.428571428572,15086.0,14915.0,15265.0,0.89,0.88,0.89,14537.42857142857
2021-01-09,15346.0,15155.0,15523.0,0.96,0.96,0.96,16201.142857142857,14965.0,14786.0,15141.0,0.90,0.90,0.91,14272.285714285714
2021-01-10,14580.0,14395.0,14748.0,0.91,0.91,0.92,15674.857142857143,14155.0,13977.0,14323.0,0.93,0.92,0.93,14038.0
2021-01-11,14838.0,14656.0,15017.0,0.88,0.87,0.88,15200.857142857143,13342.0,13178.0,13496.0,0.93,0.93,0.93,13826.857142857143
2021-01-12,14796.0,14614.0,14979.0,0.88,0.87,0.88,14823.714285714286,12724.0,12562.0,12877.0,0.94,0.93,0.94,13617.857142857143
2021-01-13,15086.0,14915.0,15265.0,0.89,0.88,0.89,14537.42857142857,13198.0,13043.0,13359.0,0.94,0.94,0.95,13410.57142857143
2021-01-14,14965.0,14786.0,15141.0,0.90,0.90,0.91,14272.285714285714,13318.0,13163.0,13482.0,0.94,0.94,0.94,13180.285714285714
2021-01-15,14155.0,13977.0,14323.0,0.93,0.92,0.93,14038.0,13623.0,13463.0,13790.0,0.94,0.94,0.94,12937.42857142857
2021-01-16,13342.0,13178.0,13496.0,0.93,0.93,0.93,13826.857142857143,13514.0,13353.0,13673.0,0.93,0.93,0.94,12667.42857142857
2021-01-17,12724.0,12562.0,12877.0,0.94,0.93,0.94,13617.857142857143,12543.0,12381.0,12703.0,0.93,0.92,0.93,12360.142857142857
2021-01-18,13198.0,13043.0,13359.0,0.94,0.94,0.95,13410.57142857143,11642.0,11486.0,11795.0,0.92,0.91,0.92,12032.0
2021-01-19,13318.0,13163.0,13482.0,0.94,0.94,0.94,13180.285714285714,10834.0,10682.0,10988.0,0.91,0.90,0.91,11661.42857142857
2021-01-20,13623.0,13463.0,13790.0,0.94,0.94,0.94,12937.42857142857,11047.0,10884.0,11217.0,0.90,0.89,0.90,11298.57142857143
2021-01-21,13514.0,13353.0,13673.0,0.93,0.93,0.94,12667.42857142857,11021.0,10854.0,11187.0,0.88,0.88,0.89,10963.42857142857
2021-01-22,12543.0,12381.0,12703.0,0.93,0.92,0.93,12360.142857142857,11029.0,10851.0,11199.0,0.88,0.88,0.89,10648.142857142857
2021-01-23,11642.0,11486.0,11795.0,0.92,0.91,0.92,12032.0,10974.0,10797.0,11139.0,0.89,0.88,0.89,10372.57142857143
2021-01-24,10834.0,10682.0,10988.0,0.91,0.90,0.91,11661.42857142857,10197.0,10026.0,10352.0,0.89,0.89,0.90,10088.714285714286
2021-01-25,11047.0,10884.0,11217.0,0.90,0.89,0.90,11298.57142857143,9435.0,9277.0,9583.0,0.90,0.90,0.91,9811.142857142857
2021-01-26,11021.0,10854.0,11187.0,0.88,0.88,0.89,10963.42857142857,8905.0,8752.0,9056.0,0.89,0.89,0.90,9543.714285714286
2021-01-27,11029.0,10851.0,11199.0,0.88,0.88,0.89,10648.142857142857,9060.0,8891.0,9226.0,0.89,0.89,0.90,9268.142857142857
2021-01-28,10974.0,10797.0,11139.0,0.89,0.88,0.89,10372.57142857143,9078.0,8896.0,9254.0,0.90,0.89,0.90,9001.857142857143
2021-01-29,10197.0,10026.0,10352.0,0.89,0.89,0.90,10088.714285714286,9157.0,8947.0,9354.0,0.89,0.88,0.90,8750.42857142857
2021-01-30,9435.0,9277.0,9583.0,0.90,0.90,0.91,9811.142857142857,9045.0,8825.0,9250.0,0.89,0.88,0.90,8500.285714285714
2021-01-31,8905.0,8752.0,9056.0,0.89,0.89,0.90,9543.714285714286,8333.0,8114.0,8547.0,0.89,0.89,0.90,8241.0
2021-02-01,9060.0,8891.0,9226.0,0.89,0.89,0.90,9268.142857142857,7675.0,7445.0,7899.0,0.89,0.88,0.90,7981.428571428572
2021-02-02,9078.0,8896.0,9254.0,0.90,0.89,0.90,9001.857142857143,7154.0,6896.0,7415.0,0.88,0.87,0.89,7727.571428571428
2021-02-03,9157.0,8947.0,9354.0,0.89,0.88,0.90,8750.42857142857,7245.0,6945.0,7558.0,0.88,0.87,0.89,7494.285714285715
2021-02-04,9045.0,8825.0,9250.0,0.89,0.88,0.90,8500.285714285714,7261.0,6900.0,7657.0,0.88,0.86,0.90,7317.142857142857
2021-02-05,8333.0,8114.0,8547.0,0.89,0.89,0.90,8241.0,7380.0,6914.0,7866.0,0.89,0.86,0.91,7201.0
2021-02-06,7675.0,7445.0,7899.0,0.89,0.88,0.90,7981.428571428572,7412.0,6882.0,7977.0,0.91,0.89,0.94,7156.571428571428
2021-02-07,7154.0,6896.0,7415.0,0.88,0.87,0.89,7727.571428571428,7093.0,6447.0,7761.0,0.94,0.90,0.97,7192.571428571428
2021-02-08,7245.0,6945.0,7558.0,0.88,0.87,0.89,7494.285714285715,6862.0,6032.0,7643.0,0.98,0.94,1.01,7311.428571428572
2021-02-09,7261.0,6900.0,7657.0,0.88,0.86,0.90,7317.142857142857,6843.0,5847.0,7807.0,1.02,0.95,1.08,
2021-02-10,7380.0,6914.0,7866.0,0.89,0.86,0.91,7201.0,7497.0,5967.0,8977.0,1.07,0.95,1.16,
2021-02-11,7412.0,6882.0,7977.0,0.91,0.89,0.94,7156.571428571428,8093.0,5832.0,10496.0,,,,
2021-02-12,7093.0,6447.0,7761.0,0.94,0.90,0.97,7192.571428571428,,,,,,,
2021-02-13,6862.0,6032.0,7643.0,0.98,0.94,1.01,7311.428571428572,,,,,,,
2021-02-14,6843.0,5847.0,7807.0,1.02,0.95,1.08,,,,,,,,
2021-02-15,7497.0,5967.0,8977.0,1.07,0.95,1.16,,,,,,,,
2021-02-16,8093.0,5832.0,10496.0,,,,,,,,,,,
